metric,bag,sample_index,timestamp_ns,time_from_start_s,latency_ms
preprocess_ms,bevfusion_2_7_opt_slow,0,1779955327399213049,0.0,1.935
preprocess_ms,bevfusion_2_7_opt_slow,1,1779955328370440487,0.9712274380000001,4.275
preprocess_ms,bevfusion_2_7_opt_slow,2,1779955329340831450,1.9416184010000002,3.831
preprocess_ms,bevfusion_2_7_opt_slow,3,1779955330341728230,2.942515181,4.186
preprocess_ms,bevfusion_2_7_opt_slow,4,1779955331358969033,3.959755984,5.021
preprocess_ms,bevfusion_2_7_opt_slow,5,1779955332364306567,4.965093518000001,4.253
preprocess_ms,bevfusion_2_7_opt_slow,6,1779955333358313469,5.95910042,2.427
preprocess_ms,bevfusion_2_7_opt_slow,7,1779955334333543999,6.9343309500000005,3.726
preprocess_ms,bevfusion_2_7_opt_slow,8,1779955335339073439,7.939860390000001,5.761
preprocess_ms,bevfusion_2_7_opt_slow,9,1779955336344053413,8.944840364000001,4.943
preprocess_ms,bevfusion_2_7_opt_slow,10,1779955337381455931,9.982242882000001,7.086
preprocess_ms,bevfusion_2_7_opt_slow,11,1779955338326774588,10.927561539000001,3.987
preprocess_ms,bevfusion_2_7_opt_slow,12,1779955339359800411,11.960587362,2.052
preprocess_ms,bevfusion_2_7_opt_slow,13,1779955340361453383,12.962240334,3.233
preprocess_ms,bevfusion_2_7_opt_slow,14,1779955341362792062,13.963579013,1.874
preprocess_ms,bevfusion_2_7_opt_slow,15,1779955342377376429,14.978163380000002,4.455
preprocess_ms,bevfusion_2_7_opt_slow,16,1779955343340431651,15.941218602000001,4.038
preprocess_ms,bevfusion_2_7_opt_slow,17,1779955344359850177,16.960637128000002,3.796
preprocess_ms,bevfusion_2_7_opt_slow,18,1779955345347296212,17.948083163,3.881
preprocess_ms,bevfusion_2_7_opt_slow,19,1779955346328942430,18.929729381,3.596
preprocess_ms,bevfusion_2_7_opt_slow,20,1779955347337045790,19.937832741,3.906
preprocess_ms,bevfusion_2_7_opt_slow,21,1779955348339196494,20.939983445000003,4.533
preprocess_ms,bevfusion_2_7_opt_slow,22,1779955349330903981,21.931690932000002,2.037
preprocess_ms,bevfusion_2_7_opt_slow,23,1779955350347900400,22.948687351,5.242
preprocess_ms,bevfusion_2_7_opt_slow,24,1779955351372910159,23.97369711,3.375
preprocess_ms,bevfusion_2_7_opt_slow,25,1779955352354856315,24.955643266000003,3.822
preprocess_ms,bevfusion_2_7_opt_slow,26,1779955353362289718,25.963076669000003,4.218
preprocess_ms,bevfusion_2_7_opt_slow,27,1779955354380641885,26.981428836000003,3.994
preprocess_ms,bevfusion_2_7_opt_slow,28,1779955355352539074,27.953326025000003,2.524
preprocess_ms,bevfusion_2_7_opt_slow,29,1779955356387724024,28.988510975,4.677
preprocess_ms,bevfusion_2_7_opt_slow,30,1779955357369449472,29.970236423000003,3.807
preprocess_ms,bevfusion_2_7_opt_slow,31,1779955358350757868,30.951544819000002,3.819
preprocess_ms,bevfusion_2_7_opt_slow,32,1779955359381727621,31.982514572000003,4.706
preprocess_ms,bevfusion_2_7_opt_slow,33,1779955360360698990,32.961485941,3.872
preprocess_ms,bevfusion_2_7_opt_slow,34,1779955361354062037,33.954848988,1.849
preprocess_ms,bevfusion_2_7_opt_slow,35,1779955362343974421,34.944761372,3.784
preprocess_ms,bevfusion_2_7_opt_slow,36,1779955363403016000,36.003802951000004,1.964
preprocess_ms,bevfusion_2_7_opt_slow,37,1779955364340395683,36.941182634,1.824
preprocess_ms,bevfusion_2_7_opt_slow,38,1779955365359741298,37.960528249,3.073
preprocess_ms,bevfusion_2_7_opt_slow,39,1779955366341137392,38.941924343000004,4.184
preprocess_ms,bevfusion_2_7_opt_slow,40,1779955367340725242,39.941512193,3.721
preprocess_ms,bevfusion_2_7_opt_slow,41,1779955368343011876,40.943798827,4.815
preprocess_ms,bevfusion_2_7_opt_slow,42,1779955369365105348,41.965892299000004,2.444
preprocess_ms,bevfusion_2_7_opt_slow,43,1779955370425347579,43.02613453,4.05
preprocess_ms,bevfusion_2_7_opt_slow,44,1779955371352215093,43.953002044,3.281
preprocess_ms,bevfusion_2_7_opt_slow,45,1779955372350412693,44.951199644000006,3.224
preprocess_ms,bevfusion_2_7_opt_slow,46,1779955373342595199,45.943382150000005,4.673
preprocess_ms,bevfusion_2_7_opt_slow,47,1779955374340559188,46.941346139000004,4.072
preprocess_ms,bevfusion_2_7_opt_slow,48,1779955375335419902,47.936206853,4.755
preprocess_ms,bevfusion_2_7_opt_slow,49,1779955376344947409,48.94573436,3.765
preprocess_ms,bevfusion_2_7_opt_slow,50,1779955377328647503,49.929434454,4.441
preprocess_ms,bevfusion_2_7_opt_slow,51,1779955378344622804,50.945409755,4.22
preprocess_ms,bevfusion_2_7_opt_slow,52,1779955379368605847,51.969392798,4.261
preprocess_ms,bevfusion_2_7_opt_slow,53,1779955380329408046,52.930194997,4.299
preprocess_ms,bevfusion_2_7_opt_slow,54,1779955381331967390,53.932754341000006,4.172
preprocess_ms,bevfusion_2_7_opt_slow,55,1779955382342715253,54.943502204000005,4.429
preprocess_ms,bevfusion_2_7_opt_slow,56,1779955383356843551,55.957630502,3.97
preprocess_ms,bevfusion_2_7_opt_slow,57,1779955384369036232,56.969823183,5.833
preprocess_ms,bevfusion_2_7_opt_slow,58,1779955385348355667,57.949142618,4.607
preprocess_ms,bevfusion_2_7_opt_slow,59,1779955386345408424,58.946195375,4.295
preprocess_ms,bevfusion_2_7_opt_slow,60,1779955387330402174,59.931189125,4.046
preprocess_ms,bevfusion_2_7_opt_slow,61,1779955388352884307,60.95367125800001,1.905
preprocess_ms,bevfusion_2_7_opt_slow,62,1779955389371632734,61.972419685000006,4.023
preprocess_ms,bevfusion_2_7_opt_slow,63,1779955390364768347,62.965555298000005,3.424
preprocess_ms,bevfusion_2_7_opt_slow,64,1779955391349773033,63.950559984,4.004
preprocess_ms,bevfusion_2_7_opt_slow,65,1779955392339030338,64.939817289,4.081
preprocess_ms,bevfusion_2_7_opt_slow,66,1779955393340516855,65.94130380600001,4.845
preprocess_ms,bevfusion_2_7_opt_slow,67,1779955394328107203,66.928894154,3.646
preprocess_ms,bevfusion_2_7_opt_slow,68,1779955395349140187,67.949927138,3.159
preprocess_ms,bevfusion_2_7_opt_slow,69,1779955396365646166,68.96643311700001,4.081
preprocess_ms,bevfusion_2_7_opt_slow,70,1779955397328958988,69.929745939,3.617
preprocess_ms,bevfusion_2_7_opt_slow,71,1779955398332303800,70.93309075100001,3.847
preprocess_ms,bevfusion_2_7_opt_slow,72,1779955399337433447,71.938220398,5.279
preprocess_ms,bevfusion_2_7_opt_slow,73,1779955400331329304,72.93211625500001,2.88
preprocess_ms,bevfusion_2_7_opt_slow,74,1779955401335186478,73.935973429,4.392
preprocess_ms,bevfusion_2_7_opt_slow,75,1779955402368841267,74.96962821800001,4.104
preprocess_ms,bevfusion_2_7_opt_slow,76,1779955403353405779,75.95419273,4.296
preprocess_ms,bevfusion_2_7_opt_slow,77,1779955404355342234,76.95612918500001,3.99
preprocess_ms,bevfusion_2_7_opt_slow,78,1779955405356216854,77.957003805,3.241
preprocess_ms,bevfusion_2_7_opt_slow,79,1779955406362667617,78.963454568,4.514
preprocess_ms,bevfusion_2_7_opt_slow,80,1779955407333711285,79.93449823600001,3.723
preprocess_ms,bevfusion_2_7_opt_slow,81,1779955408342204145,80.942991096,1.847
preprocess_ms,bevfusion_2_7_opt_slow,82,1779955409356112772,81.956899723,4.69
preprocess_ms,bevfusion_2_7_opt_slow,83,1779955410334082479,82.93486943,4.437
preprocess_ms,bevfusion_2_7_opt_slow,84,1779955411331253309,83.93204026000001,4.309
preprocess_ms,bevfusion_2_7_opt_slow,85,1779955412328493359,84.92928031000001,4.11
preprocess_ms,bevfusion_2_7_opt_slow,86,1779955413349899546,85.950686497,3.181
preprocess_ms,bevfusion_2_7_opt_slow,87,1779955414371022114,86.971809065,4.73
preprocess_ms,bevfusion_2_7_opt_slow,88,1779955415331807745,87.93259469600001,3.725
preprocess_ms,bevfusion_2_7_opt_slow,89,1779955416341958785,88.942745736,4.104
preprocess_ms,bevfusion_2_7_opt_slow,90,1779955417340862748,89.94164969900001,1.883
preprocess_ms,bevfusion_2_7_opt_slow,91,1779955418331208965,90.931995916,3.819
preprocess_ms,bevfusion_2_7_opt_slow,92,1779955419334519937,91.935306888,3.985
preprocess_ms,bevfusion_2_7_opt_slow,93,1779955420332162990,92.932949941,1.991
preprocess_ms,bevfusion_2_7_opt_slow,94,1779955421341951923,93.942738874,4.494
preprocess_ms,bevfusion_2_7_opt_slow,95,1779955422345044019,94.94583097,2.065
preprocess_ms,bevfusion_2_7_opt_slow,96,1779955423341185132,95.94197208300001,3.853
preprocess_ms,bevfusion_2_7_opt_slow,97,1779955424365712619,96.96649957000001,4.096
preprocess_ms,bevfusion_2_7_opt_slow,98,1779955425363059737,97.963846688,3.362
preprocess_ms,bevfusion_2_7_opt_slow,99,1779955426358311945,98.959098896,4.602
preprocess_ms,bevfusion_2_7_opt_slow,100,1779955427339927815,99.940714766,4.675
preprocess_ms,bevfusion_2_7_opt_slow,101,1779955428355865744,100.956652695,3.695
preprocess_ms,bevfusion_2_7_opt_slow,102,1779955429339361824,101.94014877500001,4.149
preprocess_ms,bevfusion_2_7_opt_slow,103,1779955430336242260,102.93702921100001,4.693
preprocess_ms,bevfusion_2_7_opt_slow,104,1779955431341692246,103.94247919700001,3.902
preprocess_ms,bevfusion_2_7_opt_slow,105,1779955432328144534,104.928931485,3.407
preprocess_ms,bevfusion_2_7_opt_slow,106,1779955433365103510,105.965890461,4.072
preprocess_ms,bevfusion_2_7_opt_slow,107,1779955434368126080,106.968913031,5.238
preprocess_ms,bevfusion_2_7_opt_slow,108,1779955435349513518,107.95030046900001,4.855
preprocess_ms,bevfusion_2_7_opt_slow,109,1779955436362825957,108.963612908,2.81
preprocess_ms,bevfusion_2_7_opt_slow,110,1779955437336551407,109.937338358,4.591
preprocess_ms,bevfusion_2_7_opt_slow,111,1779955438366505360,110.96729231100001,4.498
preprocess_ms,bevfusion_2_7_opt_slow,112,1779955439364051474,111.96483842500001,4.899
preprocess_ms,bevfusion_2_7_opt_slow,113,1779955440339529031,112.940315982,4.103
preprocess_ms,bevfusion_2_7_opt_slow,114,1779955441340872152,113.941659103,4.153
preprocess_ms,bevfusion_2_7_opt_slow,115,1779955442355677287,114.95646423800001,5.192
preprocess_ms,bevfusion_2_7_opt_slow,116,1779955443340359531,115.94114648200001,3.659
preprocess_ms,bevfusion_2_7_opt_slow,117,1779955444330753008,116.931539959,3.404
preprocess_ms,bevfusion_2_7_opt_slow,118,1779955445349427924,117.950214875,4.024
preprocess_ms,bevfusion_2_7_opt_slow,119,1779955446350054699,118.95084165,3.38
preprocess_ms,bevfusion_2_7_opt_slow,120,1779955447358960554,119.95974750500001,3.955
preprocess_ms,bevfusion_2_7_opt_slow,121,1779955448361921287,120.962708238,3.81
preprocess_ms,bevfusion_2_7_opt_slow,122,1779955449344455810,121.945242761,4.106
preprocess_ms,bevfusion_2_7_opt_slow,123,1779955450345018837,122.945805788,4.925
preprocess_ms,bevfusion_2_7_opt_slow,124,1779955451349773186,123.95056013700001,3.814
preprocess_ms,bevfusion_2_7_opt_slow,125,1779955452373251241,124.97403819200001,3.766
preprocess_ms,bevfusion_2_7_opt_slow,126,1779955453347081121,125.947868072,4.513
preprocess_ms,bevfusion_2_7_opt_slow,127,1779955454338778427,126.93956537800001,4.277
preprocess_ms,bevfusion_2_7_opt_slow,128,1779955455360254865,127.961041816,3.917
preprocess_ms,bevfusion_2_7_opt_slow,129,1779955456329611332,128.93039828300002,4.395
preprocess_ms,bevfusion_2_7_opt_slow,130,1779955457347575998,129.948362949,4.446
preprocess_ms,bevfusion_2_7_opt_slow,131,1779955458324837802,130.92562475300002,4.125
preprocess_ms,bevfusion_2_7_opt_slow,132,1779955459344211137,131.944998088,4.326
preprocess_ms,bevfusion_2_7_opt_slow,133,1779955460358662626,132.95944957700002,3.986
preprocess_ms,bevfusion_2_7_opt_slow,134,1779955461348202657,133.948989608,3.276
preprocess_ms,bevfusion_2_7_opt_slow,135,1779955462366461430,134.96724838100002,3.978
preprocess_ms,bevfusion_2_7_opt_slow,136,1779955463339646090,135.940433041,4.384
preprocess_ms,bevfusion_2_7_opt_slow,137,1779955464355448837,136.95623578800001,4.187
preprocess_ms,bevfusion_2_7_opt_slow,138,1779955465345978285,137.946765236,4.264
preprocess_ms,bevfusion_2_7_opt_slow,139,1779955466362367236,138.96315418700001,3.758
preprocess_ms,bevfusion_2_7_opt_slow,140,1779955467335166821,139.935953772,3.451
preprocess_ms,bevfusion_2_7_opt_slow,141,1779955468341675931,140.942462882,4.205
preprocess_ms,bevfusion_2_7_opt_slow,142,1779955469325627975,141.926414926,4.137
preprocess_ms,bevfusion_2_7_opt_slow,143,1779955470345129461,142.945916412,3.947
preprocess_ms,bevfusion_2_7_opt_slow,144,1779955471330580154,143.93136710500002,4.121
preprocess_ms,bevfusion_2_7_opt_slow,145,1779955472348804559,144.94959151,4.669
preprocess_ms,bevfusion_2_7_opt_slow,146,1779955473375327017,145.97611396800002,3.998
preprocess_ms,bevfusion_2_7_opt_slow,147,1779955474359448016,146.96023496700002,3.93
preprocess_ms,bevfusion_2_7_opt_slow,148,1779955475382610946,147.983397897,2.181
preprocess_ms,bevfusion_2_7_opt_slow,149,1779955476346889218,148.947676169,4.693
preprocess_ms,bevfusion_2_7_opt_slow,150,1779955477331520863,149.932307814,3.794
preprocess_ms,bevfusion_2_7_opt_slow,151,1779955478342765368,150.94355231900002,4.332
preprocess_ms,bevfusion_2_7_opt_slow,152,1779955479361622489,151.96240944000002,3.956
preprocess_ms,bevfusion_2_7_opt_slow,153,1779955480346728330,152.94751528100002,4.997
preprocess_ms,bevfusion_2_7_opt_slow,154,1779955481348303028,153.949089979,4.703
preprocess_ms,bevfusion_2_7_opt_slow,155,1779955482373495438,154.97428238900002,4.707
preprocess_ms,bevfusion_2_7_opt_slow,156,1779955483343473598,155.944260549,3.969
preprocess_ms,bevfusion_2_7_opt_slow,157,1779955484368667649,156.9694546,4.759
preprocess_ms,bevfusion_2_7_opt_slow,158,1779955485358979528,157.95976647900002,3.38
preprocess_ms,bevfusion_2_7_opt_slow,159,1779955486368910792,158.969697743,3.62
preprocess_ms,bevfusion_2_7_opt_slow,160,1779955487334676846,159.935463797,3.941
preprocess_ms,bevfusion_2_7_opt_slow,161,1779955488344803816,160.945590767,4.594
preprocess_ms,bevfusion_2_7_opt_slow,162,1779955489360776927,161.96156387800002,4.333
preprocess_ms,bevfusion_2_7_opt_slow,163,1779955490351702005,162.952488956,3.639
preprocess_ms,bevfusion_2_7_opt_slow,164,1779955491354820195,163.955607146,4.384
preprocess_ms,bevfusion_2_7_opt_slow,165,1779955492333380431,164.934167382,1.775
preprocess_ms,bevfusion_2_7_opt_slow,166,1779955493341311306,165.942098257,4.24
preprocess_ms,bevfusion_2_7_opt_slow,167,1779955494368613365,166.96940031600002,3.447
preprocess_ms,bevfusion_2_7_opt_slow,168,1779955495344508067,167.94529501800002,4.272
preprocess_ms,bevfusion_2_7_opt_slow,169,1779955496366190828,168.96697777900002,4.294
preprocess_ms,bevfusion_2_7_opt_slow,170,1779955497330932041,169.93171899200001,4.818
preprocess_ms,bevfusion_2_7_opt_slow,171,1779955498355085958,170.95587290900002,3.897
preprocess_ms,bevfusion_2_7_opt_slow,172,1779955499356679185,171.95746613600002,3.972
preprocess_ms,bevfusion_2_7_opt_slow,173,1779955500352820099,172.95360705000002,3.358
preprocess_ms,bevfusion_2_7_opt_slow,174,1779955501351823989,173.95261094,4.118
preprocess_ms,bevfusion_2_7_opt_slow,175,1779955502353111622,174.953898573,4.431
preprocess_ms,bevfusion_2_7_opt_slow,176,1779955503344667194,175.945454145,4.041
preprocess_ms,bevfusion_2_7_opt_slow,177,1779955504346793288,176.94758023900002,4.203
preprocess_ms,bevfusion_2_7_opt_slow,178,1779955505379637918,177.98042486900002,3.568
preprocess_ms,bevfusion_2_7_opt_slow,179,1779955506333826870,178.934613821,3.811
preprocess_ms,bevfusion_2_7_opt_slow,180,1779955507334067818,179.934854769,1.936
preprocess_ms,bevfusion_2_7_opt_slow,181,1779955508328492746,180.929279697,4.153
preprocess_ms,bevfusion_2_7_opt_slow,182,1779955509336348827,181.937135778,3.368
preprocess_ms,bevfusion_2_7_opt_slow,183,1779955510369112123,182.969899074,4.118
preprocess_ms,bevfusion_2_7_opt_slow,184,1779955511354356872,183.95514382300001,3.815
preprocess_ms,bevfusion_2_7_opt_slow,185,1779955512341141362,184.941928313,4.082
preprocess_ms,bevfusion_2_7_opt_slow,186,1779955513324852824,185.925639775,2.429
preprocess_ms,bevfusion_2_7_opt_slow,187,1779955514325498556,186.92628550700002,4.671
preprocess_ms,bevfusion_2_7_opt_slow,188,1779955515342698117,187.943485068,3.601
preprocess_ms,bevfusion_2_7_opt_slow,189,1779955516354901368,188.95568831900002,3.97
preprocess_ms,bevfusion_2_7_opt_slow,190,1779955517349056937,189.949843888,3.503
preprocess_ms,bevfusion_2_7_opt_slow,191,1779955518377100168,190.977887119,3.392
preprocess_ms,bevfusion_2_7_opt_slow,192,1779955519345879901,191.94666685200002,3.706
preprocess_ms,bevfusion_2_7_opt_slow,193,1779955520338681368,192.939468319,3.431
preprocess_ms,bevfusion_2_7_opt_slow,194,1779955521327705514,193.928492465,3.545
preprocess_ms,bevfusion_2_7_opt_slow,195,1779955522348884611,194.94967156200002,2.511
preprocess_ms,bevfusion_2_7_opt_slow,196,1779955523331588617,195.93237556800003,4.247
preprocess_ms,bevfusion_2_7_opt_slow,197,1779955524348038685,196.948825636,4.036
preprocess_ms,bevfusion_2_7_opt_slow,198,1779955525343968979,197.94475593,4.865
preprocess_ms,bevfusion_2_7_opt_slow,199,1779955526343989134,198.944776085,3.859
preprocess_ms,bevfusion_2_7_opt_slow,200,1779955527340527016,199.941313967,4.77
preprocess_ms,bevfusion_2_7_opt_slow,201,1779955528350287667,200.951074618,3.486
preprocess_ms,bevfusion_2_7_opt_slow,202,1779955529332322783,201.933109734,4.58
preprocess_ms,bevfusion_2_7_opt_slow,203,1779955530359997889,202.96078484,3.372
preprocess_ms,bevfusion_2_7_opt_slow,204,1779955531337639486,203.938426437,4.18
preprocess_ms,bevfusion_2_7_opt_slow,205,1779955532355214195,204.956001146,2.669
preprocess_ms,bevfusion_2_7_opt_slow,206,1779955533348652728,205.94943967900002,4.902
preprocess_ms,bevfusion_2_7_opt_slow,207,1779955534351894309,206.95268126000002,4.301
preprocess_ms,bevfusion_2_7_opt_slow,208,1779955535336288088,207.937075039,3.735
preprocess_ms,bevfusion_2_7_opt_slow,209,1779955536331709357,208.93249630800003,3.491
preprocess_ms,bevfusion_2_7_opt_slow,210,1779955537345369256,209.946156207,4.869
preprocess_ms,bevfusion_2_7_opt_slow,211,1779955538343769463,210.944556414,4.56
preprocess_ms,bevfusion_2_7_opt_slow,212,1779955539368953532,211.969740483,4.069
preprocess_ms,bevfusion_2_7_opt_slow,213,1779955540347771340,212.948558291,3.591
preprocess_ms,bevfusion_2_7_opt_slow,214,1779955541336658018,213.937444969,3.756
preprocess_ms,bevfusion_2_7_opt_slow,215,1779955542369956123,214.970743074,4.131
preprocess_ms,bevfusion_2_7_opt_slow,216,1779955543344361652,215.945148603,3.25
preprocess_ms,bevfusion_2_7_opt_slow,217,1779955544341031396,216.941818347,4.199
preprocess_ms,bevfusion_2_7_opt_slow,218,1779955545346464125,217.94725107600001,4.74
preprocess_ms,bevfusion_2_7_opt_slow,219,1779955546366353310,218.96714026100003,4.121
preprocess_ms,bevfusion_2_7_opt_slow,220,1779955547348322229,219.94910918000002,4.62
preprocess_ms,bevfusion_2_7_opt_slow,221,1779955548332609245,220.93339619600002,4.71
preprocess_ms,bevfusion_2_7_opt_slow,222,1779955549329788226,221.930575177,4.163
preprocess_ms,bevfusion_2_7_opt_slow,223,1779955550329122802,222.929909753,3.498
preprocess_ms,bevfusion_2_7_opt_slow,224,1779955551383178447,223.983965398,3.351
preprocess_ms,bevfusion_2_7_opt_slow,225,1779955552355308156,224.956095107,4.344
preprocess_ms,bevfusion_2_7_opt_slow,226,1779955553341495987,225.942282938,4.13
preprocess_ms,bevfusion_2_7_opt_slow,227,1779955554358545586,226.95933253700002,3.841
preprocess_ms,bevfusion_2_7_opt_slow,228,1779955555366194175,227.966981126,4.278
preprocess_ms,bevfusion_2_7_opt_slow,229,1779955556341295586,228.942082537,4.247
preprocess_ms,bevfusion_2_7_opt_slow,230,1779955557348993565,229.949780516,3.841
preprocess_ms,bevfusion_2_7_opt_slow,231,1779955558333442496,230.934229447,3.235
preprocess_ms,bevfusion_2_7_opt_slow,232,1779955559330668894,231.93145584500002,3.419
preprocess_ms,bevfusion_2_7_opt_slow,233,1779955560337529889,232.93831684000003,3.934
preprocess_ms,bevfusion_2_7_opt_slow,234,1779955561364466674,233.965253625,3.292
preprocess_ms,bevfusion_2_7_opt_slow,235,1779955562359267733,234.96005468400003,5.013
preprocess_ms,bevfusion_2_7_opt_slow,236,1779955563370305010,235.971091961,4.027
preprocess_ms,bevfusion_2_7_opt_slow,237,1779955564357539551,236.958326502,4.34
preprocess_ms,bevfusion_2_7_opt_slow,238,1779955565351563732,237.95235068300002,3.601
preprocess_ms,bevfusion_2_7_opt_slow,239,1779955566342905796,238.94369274700003,4.373
preprocess_ms,bevfusion_2_7_opt_slow,240,1779955567380425422,239.981212373,4.088
preprocess_ms,bevfusion_2_7_opt_slow,241,1779955568345319381,240.94610633200003,3.924
preprocess_ms,bevfusion_2_7_opt_slow,242,1779955569373516202,241.97430315300002,4.563
preprocess_ms,bevfusion_2_7_opt_slow,243,1779955570338134991,242.938921942,3.993
preprocess_ms,bevfusion_2_7_opt_slow,244,1779955571359698581,243.960485532,3.66
preprocess_ms,bevfusion_2_7_opt_slow,245,1779955572343079505,244.94386645600002,4.891
preprocess_ms,bevfusion_2_7_opt_slow,246,1779955573346584618,245.947371569,4.171
preprocess_ms,bevfusion_2_7_opt_slow,247,1779955574370540762,246.97132771300002,3.716
preprocess_ms,bevfusion_2_7_opt_slow,248,1779955575349607434,247.950394385,3.609
preprocess_ms,bevfusion_2_7_opt_slow,249,1779955576339081367,248.939868318,4.329
preprocess_ms,bevfusion_2_7_opt_slow,250,1779955577331498038,249.932284989,3.868
preprocess_ms,bevfusion_2_7_opt_slow,251,1779955578372098972,250.972885923,4.449
preprocess_ms,bevfusion_2_7_opt_slow,252,1779955579344472400,251.945259351,4.939
preprocess_ms,bevfusion_2_7_opt_slow,253,1779955580362277778,252.96306472900002,3.749
preprocess_ms,bevfusion_2_7_opt_slow,254,1779955581327890589,253.92867754000002,3.604
preprocess_ms,bevfusion_2_7_opt_slow,255,1779955582339189334,254.93997628500003,3.839
preprocess_ms,bevfusion_2_7_opt_slow,256,1779955583361322910,255.96210986100002,3.152
preprocess_ms,bevfusion_2_7_opt_slow,257,1779955584325741117,256.92652806800004,3.307
preprocess_ms,bevfusion_2_7_opt_slow,258,1779955585331528039,257.93231499,3.771
preprocess_ms,bevfusion_2_7_opt_slow,259,1779955586352358725,258.953145676,3.947
preprocess_ms,bevfusion_2_7_opt_slow,260,1779955587341933333,259.942720284,3.881
preprocess_ms,bevfusion_2_7_opt_slow,261,1779955588356202561,260.956989512,3.588
preprocess_ms,bevfusion_2_7_opt_slow,262,1779955589333360992,261.934147943,3.817
preprocess_ms,bevfusion_2_7_opt_slow,263,1779955590343322419,262.94410937000004,3.853
preprocess_ms,bevfusion_2_7_opt_slow,264,1779955591346653515,263.947440466,3.149
preprocess_ms,bevfusion_2_7_opt_slow,265,1779955592356591441,264.957378392,2.882
preprocess_ms,bevfusion_2_7_opt_slow,266,1779955593346547014,265.94733396500004,4.551
preprocess_ms,bevfusion_2_7_opt_slow,267,1779955594355031259,266.95581821,4.016
preprocess_ms,bevfusion_2_7_opt_slow,268,1779955595334294098,267.935081049,3.95
preprocess_ms,bevfusion_2_7_opt_slow,269,1779955596335508803,268.936295754,5.07
preprocess_ms,bevfusion_2_7_opt_slow,270,1779955597364930073,269.965717024,4.143
preprocess_ms,bevfusion_2_7_opt_slow,271,1779955598367971135,270.96875808600004,3.224
preprocess_ms,bevfusion_2_7_opt_slow,272,1779955599342113298,271.942900249,3.74
preprocess_ms,bevfusion_2_7_opt_slow,273,1779955600354435698,272.955222649,4.185
preprocess_ms,bevfusion_2_7_opt_slow,274,1779955601328863951,273.929650902,4.475
preprocess_ms,bevfusion_2_7_opt_slow,275,1779955602342894278,274.943681229,3.233
preprocess_ms,bevfusion_2_7_opt_slow,276,1779955603352415050,275.953202001,4.696
preprocess_ms,bevfusion_2_7_opt_slow,277,1779955604359028695,276.95981564600004,3.391
preprocess_ms,bevfusion_2_7_opt_slow,278,1779955605357263741,277.95805069200003,2.53
preprocess_ms,bevfusion_2_7_opt_slow,279,1779955606349288509,278.95007546,4.253
preprocess_ms,bevfusion_2_7_opt_slow,280,1779955607346460253,279.947247204,4.962
preprocess_ms,bevfusion_2_7_opt_slow,281,1779955608357413065,280.95820001600003,4.204
preprocess_ms,bevfusion_2_7_opt_slow,282,1779955609358536332,281.959323283,5.201
preprocess_ms,bevfusion_2_7_opt_slow,283,1779955610357927520,282.958714471,3.432
preprocess_ms,bevfusion_2_7_opt_slow,284,1779955611339642120,283.94042907100004,5.079
preprocess_ms,bevfusion_2_7_opt_slow,285,1779955612331667721,284.932454672,3.955
preprocess_ms,bevfusion_2_7_opt_slow,286,1779955613333025941,285.933812892,3.934
preprocess_ms,bevfusion_2_7_opt_slow,287,1779955614343987116,286.944774067,3.712
preprocess_ms,bevfusion_2_7_opt_slow,288,1779955615376095169,287.97688212,4.885
preprocess_ms,bevfusion_2_7_opt_slow,289,1779955616337533779,288.93832073000004,4.163
preprocess_ms,bevfusion_2_7_opt_slow,290,1779955617349234101,289.950021052,3.883
preprocess_ms,bevfusion_2_7_opt_slow,291,1779955618354135186,290.95492213700004,2.533
preprocess_ms,bevfusion_2_7_opt_slow,292,1779955619353402089,291.95418904,3.106
preprocess_ms,bevfusion_2_7_opt_slow,293,1779955620351765312,292.95255226300003,4.649
preprocess_ms,bevfusion_2_7_opt_slow,294,1779955621338076819,293.93886377,5.323
preprocess_ms,bevfusion_2_7_opt_slow,295,1779955622387005324,294.987792275,3.914
preprocess_ms,bevfusion_2_7_opt_slow,296,1779955623327733506,295.928520457,3.983
preprocess_ms,bevfusion_2_7_opt_slow,297,1779955624360257199,296.96104415,4.105
preprocess_ms,bevfusion_2_7_opt_slow,298,1779955625334659532,297.935446483,3.944
preprocess_ms,bevfusion_2_7_opt_slow,299,1779955626345932609,298.94671956,4.194
preprocess_ms,bevfusion_2_7_opt_slow,300,1779955627371752253,299.97253920400004,2.116
preprocess_ms,bevfusion_2_7_opt_slow,301,1779955628374434446,300.97522139700004,1.917
preprocess_ms,bevfusion_2_7_opt_slow,302,1779955629353846646,301.954633597,3.73
preprocess_ms,bevfusion_2_7_opt_slow,303,1779955630329153023,302.92993997400004,4.31
preprocess_ms,bevfusion_2_7_opt_slow,304,1779955631356204606,303.95699155700004,3.585
preprocess_ms,bevfusion_2_7_opt_slow,305,1779955632364817950,304.965604901,4.016
preprocess_ms,bevfusion_2_7_opt_slow,306,1779955633354182864,305.954969815,4.426
preprocess_ms,bevfusion_2_7_opt_slow,307,1779955634354851103,306.955638054,4.158
preprocess_ms,bevfusion_2_7_opt_slow,308,1779955635350640804,307.951427755,3.603
preprocess_ms,bevfusion_2_7_opt_slow,309,1779955636331074301,308.93186125200003,4.278
preprocess_ms,bevfusion_2_7_opt_slow,310,1779955637362778762,309.96356571300004,4.261
preprocess_ms,bevfusion_2_7_opt_slow,311,1779955638347503896,310.948290847,3.803
preprocess_ms,bevfusion_2_7_opt_slow,312,1779955639332306843,311.933093794,4.366
preprocess_ms,bevfusion_2_7_opt_slow,313,1779955640339926246,312.94071319700004,3.633
preprocess_ms,bevfusion_2_7_opt_slow,314,1779955641341701860,313.94248881100003,4.344
preprocess_ms,bevfusion_2_7_opt_slow,315,1779955642344281903,314.945068854,4.126
preprocess_ms,bevfusion_2_7_opt_slow,316,1779955643348618610,315.949405561,4.353
preprocess_ms,bevfusion_2_7_opt_slow,317,1779955644343879403,316.944666354,3.736
preprocess_ms,bevfusion_2_7_opt_slow,318,1779955645376525134,317.977312085,4.196
preprocess_ms,bevfusion_2_7_opt_slow,319,1779955646350973551,318.951760502,4.156
preprocess_ms,bevfusion_2_7_opt_slow,320,1779955647341789735,319.942576686,4.216
preprocess_ms,bevfusion_2_7_opt_slow,321,1779955648354578233,320.955365184,5.015
preprocess_ms,bevfusion_2_7_opt_slow,322,1779955649331793737,321.93258068800003,3.901
preprocess_ms,bevfusion_2_7_opt_slow,323,1779955650338713744,322.939500695,4.06
preprocess_ms,bevfusion_2_7_opt_slow,324,1779955651346407963,323.947194914,4.492
preprocess_ms,bevfusion_2_7_opt_slow,325,1779955652338167805,324.93895475600004,4.732
preprocess_ms,bevfusion_2_7_opt_slow,326,1779955653362837010,325.963623961,4.171
preprocess_ms,bevfusion_2_7_opt_slow,327,1779955654340301356,326.94108830700003,3.837
preprocess_ms,bevfusion_2_7_opt_slow,328,1779955655342415216,327.94320216700004,3.883
preprocess_ms,bevfusion_2_7_opt_slow,329,1779955656378435749,328.97922270000004,3.772
preprocess_ms,bevfusion_2_7_opt_slow,330,1779955657344127491,329.944914442,3.604
preprocess_ms,bevfusion_2_7_opt_slow,331,1779955658344270967,330.94505791800003,6.134
preprocess_ms,bevfusion_2_7_opt_slow,332,1779955659340983884,331.941770835,5.535
preprocess_ms,bevfusion_2_7_opt_slow,333,1779955660378982219,332.97976917,4.51
preprocess_ms,bevfusion_2_7_opt_slow,334,1779955661351954109,333.95274106,3.312
preprocess_ms,bevfusion_2_7_opt_slow,335,1779955662346182589,334.94696954,2.598
preprocess_ms,bevfusion_2_7_opt_slow,336,1779955663369503062,335.970290013,4.073
preprocess_ms,bevfusion_2_7_opt_slow,337,1779955664359362904,336.960149855,3.266
preprocess_ms,bevfusion_2_7_opt_slow,338,1779955665367215889,337.96800284,3.96
preprocess_ms,bevfusion_2_7_opt_slow,339,1779955666341851077,338.94263802800003,4.081
preprocess_ms,bevfusion_2_7_opt_slow,340,1779955667406873938,340.007660889,3.536
preprocess_ms,bevfusion_2_7_opt_slow,341,1779955668333184546,340.933971497,3.721
preprocess_ms,bevfusion_2_7_opt_slow,342,1779955669351408687,341.95219563800003,4.083
preprocess_ms,bevfusion_2_7_opt_slow,343,1779955670374962195,342.975749146,3.728
preprocess_ms,bevfusion_2_7_opt_slow,344,1779955671353687678,343.954474629,3.466
preprocess_ms,bevfusion_2_7_opt_slow,345,1779955672339522898,344.940309849,4.435
preprocess_ms,bevfusion_2_7_opt_slow,346,1779955673365868448,345.96665539900005,3.662
preprocess_ms,bevfusion_2_7_opt_slow,347,1779955674348461399,346.94924835,4.325
preprocess_ms,bevfusion_2_7_opt_slow,348,1779955675341554732,347.942341683,1.929
preprocess_ms,bevfusion_2_7_opt_slow,349,1779955676327473536,348.92826048700005,3.71
preprocess_ms,bevfusion_2_7_opt_slow,350,1779955677377847545,349.97863449600004,4.225
preprocess_ms,bevfusion_2_7_opt_slow,351,1779955678345487636,350.946274587,3.872
preprocess_ms,bevfusion_2_7_opt_slow,352,1779955679351458512,351.952245463,3.849
preprocess_ms,bevfusion_2_7_opt_slow,353,1779955680380765128,352.98155207900004,4.723
preprocess_ms,bevfusion_2_7_opt_slow,354,1779955681343598970,353.94438592100005,4.212
preprocess_ms,bevfusion_2_7_opt_slow,355,1779955682353591171,354.95437812200004,4.675
preprocess_ms,bevfusion_2_7_opt_slow,356,1779955683348575248,355.949362199,4.168
preprocess_ms,bevfusion_2_7_opt_slow,357,1779955684392017564,356.99280451500005,4.434
preprocess_ms,bevfusion_2_7_opt_slow,358,1779955685353449104,357.954236055,1.985
preprocess_ms,bevfusion_2_7_opt_slow,359,1779955686348073927,358.948860878,4.592
preprocess_ms,bevfusion_2_7_opt_slow,360,1779955687346594750,359.94738170100004,4.871
preprocess_ms,bevfusion_2_7_opt_slow,361,1779955688359614707,360.960401658,3.528
preprocess_ms,bevfusion_2_7_opt_slow,362,1779955689364708631,361.965495582,3.541
preprocess_ms,bevfusion_2_7_opt_slow,363,1779955690332348713,362.933135664,3.828
preprocess_ms,bevfusion_2_7_opt_slow,364,1779955691338182307,363.93896925800004,4.01
preprocess_ms,bevfusion_2_7_opt_slow,365,1779955692343654746,364.944441697,4.192
preprocess_ms,bevfusion_2_7_opt_slow,366,1779955693331838254,365.932625205,3.622
preprocess_ms,bevfusion_2_7_opt_slow,367,1779955694343631225,366.944418176,4.025
preprocess_ms,bevfusion_2_7_opt_slow,368,1779955695342193504,367.942980455,2.541
preprocess_ms,bevfusion_2_7_opt_slow,369,1779955696341338746,368.94212569700005,4.796
preprocess_ms,bevfusion_2_7_opt_slow,370,1779955697359903153,369.96069010400004,4.046
preprocess_ms,bevfusion_2_7_opt_slow,371,1779955698333408104,370.93419505500003,4.244
preprocess_ms,bevfusion_2_7_opt_slow,372,1779955699339534439,371.94032139,4.839
preprocess_ms,bevfusion_2_7_opt_slow,373,1779955700337091902,372.93787885300003,4.398
preprocess_ms,bevfusion_2_7_opt_slow,374,1779955701336232634,373.93701958500003,1.928
preprocess_ms,bevfusion_2_7_opt_slow,375,1779955702342992515,374.943779466,3.975
preprocess_ms,bevfusion_2_7_opt_slow,376,1779955703348095282,375.948882233,5.752
preprocess_ms,bevfusion_2_7_opt_slow,377,1779955704354688433,376.955475384,3.899
preprocess_ms,bevfusion_2_7_opt_slow,378,1779955705332277703,377.933064654,4.38
preprocess_ms,bevfusion_2_7_opt_slow,379,1779955706339635153,378.94042210400005,3.972
preprocess_ms,bevfusion_2_7_opt_slow,380,1779955707361925027,379.962711978,3.207
preprocess_ms,bevfusion_2_7_opt_slow,381,1779955708332673055,380.933460006,4.496
preprocess_ms,bevfusion_2_7_opt_slow,382,1779955709363700515,381.96448746600004,4.502
preprocess_ms,bevfusion_2_7_opt_slow,383,1779955710346264137,382.947051088,4.88
preprocess_ms,bevfusion_2_7_opt_slow,384,1779955711328506736,383.92929368700004,3.441
preprocess_ms,bevfusion_2_7_opt_slow,385,1779955712370493890,384.971280841,3.553
preprocess_ms,bevfusion_2_7_opt_slow,386,1779955713377524385,385.97831133600005,4.088
preprocess_ms,bevfusion_2_7_opt_slow,387,1779955714353854131,386.954641082,3.647
preprocess_ms,bevfusion_2_7_opt_slow,388,1779955715348901985,387.94968893600003,4.238
preprocess_ms,bevfusion_2_7_opt_slow,389,1779955716346150072,388.94693702300003,4.134
preprocess_ms,bevfusion_2_7_opt_slow,390,1779955717351324313,389.95211126400005,4.299
preprocess_ms,bevfusion_2_7_opt_slow,391,1779955718346271256,390.947058207,4.626
preprocess_ms,bevfusion_2_7_opt_slow,392,1779955719359277187,391.960064138,3.858
preprocess_ms,bevfusion_2_7_opt_slow,393,1779955720355600616,392.95638756700004,3.918
preprocess_ms,bevfusion_2_7_opt_slow,394,1779955721346951744,393.947738695,4.963
preprocess_ms,bevfusion_2_7_opt_slow,395,1779955722370324430,394.971111381,3.279
preprocess_ms,bevfusion_2_7_opt_slow,396,1779955723348115798,395.948902749,4.684
preprocess_ms,bevfusion_2_7_opt_slow,397,1779955724333153024,396.93393997500004,4.654
preprocess_ms,bevfusion_2_7_opt_slow,398,1779955725342352082,397.943139033,3.559
preprocess_ms,bevfusion_2_7_opt_slow,399,1779955726347261879,398.94804883,4.248
preprocess_ms,bevfusion_2_7_opt_slow,400,1779955727358780079,399.95956703,4.208
preprocess_ms,bevfusion_2_7_opt_slow,401,1779955728333481226,400.93426817700004,3.78
preprocess_ms,bevfusion_2_7_opt_slow,402,1779955729385139466,401.98592641700003,3.939
preprocess_ms,bevfusion_2_7_opt_slow,403,1779955730354340584,402.95512753500003,4.159
preprocess_ms,bevfusion_2_7_opt_slow,404,1779955731365160517,403.965947468,3.723
preprocess_ms,bevfusion_2_7_opt_slow,405,1779955732341607152,404.942394103,4.667
preprocess_ms,bevfusion_2_7_opt_slow,406,1779955733339962573,405.940749524,4.044
preprocess_ms,bevfusion_2_7_opt_slow,407,1779955734343201881,406.943988832,4.096
preprocess_ms,bevfusion_2_7_opt_slow,408,1779955735369484653,407.970271604,4.823
preprocess_ms,bevfusion_2_7_opt_slow,409,1779955736333217143,408.93400409400004,3.775
preprocess_ms,bevfusion_2_7_opt_slow,410,1779955737347433856,409.94822080700004,4.707
preprocess_ms,bevfusion_2_7_opt_slow,411,1779955738355299629,410.95608658000003,4.251
preprocess_ms,bevfusion_2_7_opt_slow,412,1779955739342024092,411.942811043,4.224
preprocess_ms,bevfusion_2_7_opt_slow,413,1779955740341167495,412.941954446,3.945
preprocess_ms,bevfusion_2_7_opt_slow,414,1779955741354538501,413.955325452,3.713
preprocess_ms,bevfusion_2_7_opt_slow,415,1779955742367045749,414.96783270000003,3.519
preprocess_ms,bevfusion_2_7_opt_slow,416,1779955743376191128,415.97697807900005,4.613
preprocess_ms,bevfusion_2_7_opt_slow,417,1779955744358647452,416.95943440300005,4.536
preprocess_ms,bevfusion_2_7_opt_slow,418,1779955745346508102,417.947295053,4.51
preprocess_ms,bevfusion_2_7_opt_slow,419,1779955746360263560,418.96105051100005,3.358
preprocess_ms,bevfusion_2_7_opt_slow,420,1779955747362903580,419.96369053100005,3.684
preprocess_ms,bevfusion_2_7_opt_slow,421,1779955748370649248,420.97143619900004,4.038
preprocess_ms,bevfusion_2_7_opt_slow,422,1779955749351962971,421.952749922,3.354
preprocess_ms,bevfusion_2_7_opt_slow,423,1779955750328190195,422.928977146,4.06
preprocess_ms,bevfusion_2_7_opt_slow,424,1779955751346027610,423.94681456100005,3.89
preprocess_ms,bevfusion_2_7_opt_slow,425,1779955752345331489,424.94611844,3.879
preprocess_ms,bevfusion_2_7_opt_slow,426,1779955753340343639,425.94113059,5.043
preprocess_ms,bevfusion_2_7_opt_slow,427,1779955754335942139,426.93672909000003,3.84
preprocess_ms,bevfusion_2_7_opt_slow,428,1779955755370858724,427.97164567500005,3.882
preprocess_ms,bevfusion_2_7_opt_slow,429,1779955756352658486,428.953445437,4.186
preprocess_ms,bevfusion_2_7_opt_slow,430,1779955757328768172,429.929555123,3.803
preprocess_ms,bevfusion_2_7_opt_slow,431,1779955758342585982,430.94337293300003,3.641
preprocess_ms,bevfusion_2_7_opt_slow,432,1779955759341645233,431.94243218400004,2.6
preprocess_ms,bevfusion_2_7_opt_slow,433,1779955760361390670,432.962177621,3.758
preprocess_ms,bevfusion_2_7_opt_slow,434,1779955761353478179,433.95426513,4.267
preprocess_ms,bevfusion_2_7_opt_slow,435,1779955762365543467,434.96633041800004,3.337
preprocess_ms,bevfusion_2_7_opt_slow,436,1779955763344604126,435.945391077,4.142
preprocess_ms,bevfusion_2_7_opt_slow,437,1779955764357874218,436.95866116900004,4.085
preprocess_ms,bevfusion_2_7_opt_slow,438,1779955765399638491,438.00042544200005,4.248
preprocess_ms,bevfusion_2_7_opt_slow,439,1779955766345701592,438.94648854300004,4.561
preprocess_ms,bevfusion_2_7_opt_slow,440,1779955767344276085,439.945063036,1.849
preprocess_ms,bevfusion_2_7_opt_slow,441,1779955768382537253,440.98332420400004,5.2
preprocess_ms,bevfusion_2_7_opt_slow,442,1779955769375868913,441.976655864,5.282
preprocess_ms,bevfusion_2_7_opt_slow,443,1779955770375254510,442.976041461,5.366
preprocess_ms,bevfusion_2_7_opt_slow,444,1779955771326516005,443.927302956,3.508
preprocess_ms,bevfusion_2_7_opt_slow,445,1779955772344648307,444.94543525800003,4.126
preprocess_ms,bevfusion_2_7_opt_slow,446,1779955773349306875,445.950093826,4.042
preprocess_ms,bevfusion_2_7_opt_slow,447,1779955774344643223,446.945430174,4.959
preprocess_ms,bevfusion_2_7_opt_slow,448,1779955775329871119,447.93065807000005,3.584
preprocess_ms,bevfusion_2_7_opt_slow,449,1779955776329982997,448.93076994800003,3.92
preprocess_ms,bevfusion_2_7_opt_slow,450,1779955777333866254,449.934653205,4.182
preprocess_ms,bevfusion_2_7_opt_slow,451,1779955778343231622,450.94401857300005,3.592
preprocess_ms,bevfusion_2_7_opt_slow,452,1779955779350186804,451.950973755,3.936
preprocess_ms,bevfusion_2_7_opt_slow,453,1779955780337386423,452.93817337400003,4.166
preprocess_ms,bevfusion_2_7_opt_slow,454,1779955781334303418,453.935090369,4.951
preprocess_ms,bevfusion_2_7_opt_slow,455,1779955782349013300,454.94980025100006,4.029
preprocess_ms,bevfusion_2_7_opt_slow,456,1779955783338377490,455.939164441,4.256
preprocess_ms,bevfusion_2_7_opt_slow,457,1779955784347909236,456.94869618700005,3.543
preprocess_ms,bevfusion_2_7_opt_slow,458,1779955785342616876,457.94340382700005,5.027
preprocess_ms,bevfusion_2_7_opt_slow,459,1779955786333490303,458.93427725400005,4.094
preprocess_ms,bevfusion_2_7_opt_slow,460,1779955787349604153,459.950391104,4.857
preprocess_ms,bevfusion_2_7_opt_slow,461,1779955788347060983,460.94784793400004,4.585
preprocess_ms,bevfusion_2_7_opt_slow,462,1779955789360476727,461.961263678,3.858
preprocess_ms,bevfusion_2_7_opt_slow,463,1779955790329098698,462.929885649,3.014
preprocess_ms,bevfusion_2_7_opt_slow,464,1779955791364194775,463.964981726,4.02
preprocess_ms,bevfusion_2_7_opt_slow,465,1779955792330849063,464.93163601400005,3.768
preprocess_ms,bevfusion_2_7_opt_slow,466,1779955793368249432,465.969036383,4.565
preprocess_ms,bevfusion_2_7_opt_slow,467,1779955794333156908,466.933943859,4.25
preprocess_ms,bevfusion_2_7_opt_slow,468,1779955795354403022,467.955189973,3.952
preprocess_ms,bevfusion_2_7_opt_slow,469,1779955796345280105,468.946067056,4.27
preprocess_ms,bevfusion_2_7_opt_slow,470,1779955797335802086,469.93658903700003,4.333
preprocess_ms,bevfusion_2_7_opt_slow,471,1779955798346120713,470.94690766400004,3.824
preprocess_ms,bevfusion_2_7_opt_slow,472,1779955799374491277,471.97527822800004,1.956
preprocess_ms,bevfusion_2_7_opt_slow,473,1779955800344457230,472.945244181,3.601
preprocess_ms,bevfusion_2_7_opt_slow,474,1779955801355068664,473.955855615,4.169
preprocess_ms,bevfusion_2_7_opt_slow,475,1779955802357092001,474.95787895200004,4.199
preprocess_ms,bevfusion_2_7_opt_slow,476,1779955803334246706,475.935033657,2.535
preprocess_ms,bevfusion_2_7_opt_slow,477,1779955804337315899,476.93810285,3.471
preprocess_ms,bevfusion_2_7_opt_slow,478,1779955805338533799,477.93932075000004,4.962
preprocess_ms,bevfusion_2_7_opt_slow,479,1779955806347103821,478.94789077200005,3.744
preprocess_ms,bevfusion_2_7_opt_slow,480,1779955807337387211,479.93817416200005,3.459
preprocess_ms,bevfusion_2_7_opt_slow,481,1779955808350558015,480.951344966,3.921
preprocess_ms,bevfusion_2_7_opt_slow,482,1779955809337571762,481.938358713,4.508
preprocess_ms,bevfusion_2_7_opt_slow,483,1779955810350387763,482.95117471400005,3.694
preprocess_ms,bevfusion_2_7_opt_slow,484,1779955811336239939,483.93702689,4.673
preprocess_ms,bevfusion_2_7_opt_slow,485,1779955812372778471,484.97356542200004,4.117
preprocess_ms,bevfusion_2_7_opt_slow,486,1779955813345751764,485.94653871500003,4.234
preprocess_ms,bevfusion_2_7_opt_slow,487,1779955814344787316,486.94557426700004,4.532
preprocess_ms,bevfusion_2_7_opt_slow,488,1779955815373965526,487.97475247700004,4.468
preprocess_ms,bevfusion_2_7_opt_slow,489,1779955816345807439,488.94659439000003,3.659
preprocess_ms,bevfusion_2_7_opt_slow,490,1779955817353878906,489.954665857,4.926
preprocess_ms,bevfusion_2_7_opt_slow,491,1779955818362347846,490.963134797,2.668
preprocess_ms,bevfusion_2_7_opt_slow,492,1779955819336350593,491.93713754400005,3.854
preprocess_ms,bevfusion_2_7_opt_slow,493,1779955820356337075,492.95712402600003,3.573
preprocess_ms,bevfusion_2_7_opt_slow,494,1779955821350307135,493.951094086,4.448
preprocess_ms,bevfusion_2_7_opt_slow,495,1779955822328446408,494.929233359,3.157
preprocess_ms,bevfusion_2_7_opt_slow,496,1779955823368789358,495.96957630900005,3.003
preprocess_ms,bevfusion_2_7_opt_slow,497,1779955824375189359,496.97597631,4.255
preprocess_ms,bevfusion_2_7_opt_slow,498,1779955825373917086,497.97470403700004,4.31
preprocess_ms,bevfusion_2_7_opt_slow,499,1779955826347690069,498.94847702000004,3.75
preprocess_ms,bevfusion_2_7_opt_slow,500,1779955827359874868,499.96066181900005,4.863
preprocess_ms,bevfusion_2_7_opt_slow,501,1779955828367560722,500.96834767300004,3.802
preprocess_ms,bevfusion_2_7_opt_slow,502,1779955829365774676,501.96656162700003,4.031
preprocess_ms,bevfusion_2_7_opt_slow,503,1779955830328719153,502.92950610400004,4.221
preprocess_ms,bevfusion_2_7_opt_slow,504,1779955831354119268,503.954906219,4.418
preprocess_ms,bevfusion_2_7_opt_slow,505,1779955832335933505,504.93672045600005,4.278
preprocess_ms,bevfusion_2_7_opt_slow,506,1779955833364891504,505.96567845500005,5.129
preprocess_ms,bevfusion_2_7_opt_slow,507,1779955834361477201,506.96226415200005,3.635
preprocess_ms,bevfusion_2_7_opt_slow,508,1779955835359040255,507.95982720600006,4.424
preprocess_ms,bevfusion_2_7_opt_slow,509,1779955836339868187,508.940655138,3.878
preprocess_ms,bevfusion_2_7_opt_slow,510,1779955837335918796,509.936705747,4.109
preprocess_ms,bevfusion_2_7_opt_slow,511,1779955838334460539,510.93524749000005,4.056
preprocess_ms,bevfusion_2_7_opt_slow,512,1779955839332744458,511.933531409,4.06
preprocess_ms,bevfusion_2_7_opt_slow,513,1779955840334482569,512.93526952,4.6
preprocess_ms,bevfusion_2_7_opt_slow,514,1779955841379165503,513.979952454,3.802
preprocess_ms,bevfusion_2_7_opt_slow,515,1779955842331801089,514.93258804,3.647
preprocess_ms,bevfusion_2_7_opt_slow,516,1779955843350547839,515.95133479,3.378
preprocess_ms,bevfusion_2_7_opt_slow,517,1779955844338575978,516.939362929,3.521
preprocess_ms,bevfusion_2_7_opt_slow,518,1779955845341323291,517.942110242,3.442
preprocess_ms,bevfusion_2_7_opt_slow,519,1779955846335243337,518.936030288,3.388
preprocess_ms,bevfusion_2_7_opt_slow,520,1779955847362662783,519.963449734,4.057
preprocess_ms,bevfusion_2_7_opt_slow,521,1779955848380468992,520.9812559430001,5.243
preprocess_ms,bevfusion_2_7_opt_slow,522,1779955849328787967,521.9295749180001,4.008
preprocess_ms,bevfusion_2_7_opt_slow,523,1779955850370184742,522.970971693,3.382
preprocess_ms,bevfusion_2_7_opt_slow,524,1779955851334923466,523.935710417,3.845
preprocess_ms,bevfusion_2_7_opt_slow,525,1779955852343690881,524.9444778320001,3.824
preprocess_ms,bevfusion_2_7_opt_slow,526,1779955853346598722,525.947385673,4.247
preprocess_ms,bevfusion_2_7_opt_slow,527,1779955854351122151,526.9519091020001,3.712
preprocess_ms,bevfusion_2_7_opt_slow,528,1779955855367571780,527.9683587310001,3.476
preprocess_ms,bevfusion_2_7_opt_slow,529,1779955856359811990,528.9605989410001,4.268
preprocess_ms,bevfusion_2_7_opt_slow,530,1779955857345217782,529.946004733,3.569
preprocess_ms,bevfusion_2_7_opt_slow,531,1779955858368565055,530.969352006,4.601
preprocess_ms,bevfusion_2_7_opt_slow,532,1779955859349374704,531.950161655,2.024
preprocess_ms,bevfusion_2_7_opt_slow,533,1779955860364227578,532.9650145290001,4.632
preprocess_ms,bevfusion_2_7_opt_slow,534,1779955861352885311,533.953672262,3.781
preprocess_ms,bevfusion_2_7_opt_slow,535,1779955862343649532,534.944436483,2.516
preprocess_ms,bevfusion_2_7_opt_slow,536,1779955863349357738,535.950144689,4.213
preprocess_ms,bevfusion_2_7_opt_slow,537,1779955864340156762,536.940943713,3.929
preprocess_ms,bevfusion_2_7_opt_slow,538,1779955865335850574,537.936637525,3.492
preprocess_ms,bevfusion_2_7_opt_slow,539,1779955866371015300,538.971802251,3.724
preprocess_ms,bevfusion_2_7_opt_slow,540,1779955867343494480,539.944281431,3.497
preprocess_ms,bevfusion_2_7_opt_slow,541,1779955868349427561,540.950214512,3.87
preprocess_ms,bevfusion_2_7_opt_slow,542,1779955869357725326,541.9585122770001,5.488
preprocess_ms,bevfusion_2_7_opt_slow,543,1779955870387642459,542.98842941,3.843
preprocess_ms,bevfusion_2_7_opt_slow,544,1779955871345777624,543.946564575,3.906
preprocess_ms,bevfusion_2_7_opt_slow,545,1779955872344071916,544.944858867,3.401
preprocess_ms,bevfusion_2_7_opt_slow,546,1779955873343389676,545.944176627,3.188
preprocess_ms,bevfusion_2_7_opt_slow,547,1779955874337511782,546.938298733,2.87
preprocess_ms,bevfusion_2_7_opt_slow,548,1779955875333059880,547.933846831,4.056
preprocess_ms,bevfusion_2_7_opt_slow,549,1779955876392336743,548.993123694,3.268
preprocess_ms,bevfusion_2_7_opt_slow,550,1779955877385052192,549.985839143,3.848
preprocess_ms,bevfusion_2_7_opt_slow,551,1779955878354280585,550.955067536,4.248
preprocess_ms,bevfusion_2_7_opt_slow,552,1779955879343449262,551.9442362130001,4.044
preprocess_ms,bevfusion_2_7_opt_slow,553,1779955880347225967,552.948012918,4.648
preprocess_ms,bevfusion_2_7_opt_slow,554,1779955881349857093,553.950644044,3.406
preprocess_ms,bevfusion_2_7_opt_slow,555,1779955882348475189,554.9492621400001,4.525
preprocess_ms,bevfusion_2_7_opt_slow,556,1779955883358489024,555.9592759750001,4.967
preprocess_ms,bevfusion_2_7_opt_slow,557,1779955884343572686,556.944359637,3.706
preprocess_ms,bevfusion_2_7_opt_slow,558,1779955885339995941,557.940782892,3.953
preprocess_ms,bevfusion_2_7_opt_slow,559,1779955886344622009,558.94540896,3.569
preprocess_ms,bevfusion_2_7_opt_slow,560,1779955887337238684,559.938025635,3.708
preprocess_ms,bevfusion_2_7_opt_slow,561,1779955888355556892,560.956343843,3.831
preprocess_ms,bevfusion_2_7_opt_slow,562,1779955889342980134,561.943767085,3.281
preprocess_ms,bevfusion_2_7_opt_slow,563,1779955890348630197,562.9494171480001,4.708
preprocess_ms,bevfusion_2_7_opt_slow,564,1779955891352943752,563.953730703,3.1
preprocess_ms,bevfusion_2_7_opt_slow,565,1779955892330618719,564.93140567,3.455
preprocess_ms,bevfusion_2_7_opt_slow,566,1779955893345014057,565.945801008,4.273
preprocess_ms,bevfusion_2_7_opt_slow,567,1779955894348232037,566.949018988,3.522
preprocess_ms,bevfusion_2_7_opt_slow,568,1779955895374198355,567.974985306,4.223
preprocess_ms,bevfusion_2_7_opt_slow,569,1779955896362282176,568.963069127,4.036
preprocess_ms,bevfusion_2_7_opt_slow,570,1779955897382544895,569.983331846,3.818
preprocess_ms,bevfusion_2_7_opt_slow,571,1779955898343512445,570.944299396,4.063
preprocess_ms,bevfusion_2_7_opt_slow,572,1779955899362526577,571.9633135280001,3.209
preprocess_ms,bevfusion_2_7_opt_slow,573,1779955900337003151,572.937790102,4.414
preprocess_ms,bevfusion_2_7_opt_slow,574,1779955901376480270,573.977267221,2.792
preprocess_ms,bevfusion_2_7_opt_slow,575,1779955902435917783,575.0367047340001,4.886
preprocess_ms,bevfusion_2_7_opt_slow,576,1779955903330633887,575.931420838,4.091
preprocess_ms,bevfusion_2_7_opt_slow,577,1779955904344403809,576.9451907600001,3.832
preprocess_ms,bevfusion_2_7_opt_slow,578,1779955905341417593,577.942204544,3.773
preprocess_ms,bevfusion_2_7_opt_slow,579,1779955906371364654,578.972151605,3.276
preprocess_ms,bevfusion_2_7_opt_slow,580,1779955907343740082,579.944527033,3.519
preprocess_ms,bevfusion_2_7_opt_slow,581,1779955908360553107,580.961340058,4.403
preprocess_ms,bevfusion_2_7_opt_slow,582,1779955909367931218,581.968718169,4.064
preprocess_ms,bevfusion_2_7_opt_slow,583,1779955910371831382,582.972618333,3.592
preprocess_ms,bevfusion_2_7_opt_slow,584,1779955911347351237,583.948138188,4.704
preprocess_ms,bevfusion_2_7_opt_slow,585,1779955912324902999,584.92568995,3.183
preprocess_ms,bevfusion_2_7_opt_slow,586,1779955913330898562,585.931685513,3.912
preprocess_ms,bevfusion_2_7_opt_slow,587,1779955914336361246,586.937148197,3.801
preprocess_ms,bevfusion_2_7_opt_slow,588,1779955915340818566,587.9416055170001,3.572
preprocess_ms,bevfusion_2_7_opt_slow,589,1779955916354938409,588.9557253600001,3.984
preprocess_ms,bevfusion_2_7_opt_slow,590,1779955917342376992,589.9431639430001,3.578
preprocess_ms,bevfusion_2_7_opt_slow,591,1779955918343126301,590.943913252,4.098
preprocess_ms,bevfusion_2_7_opt_slow,592,1779955919365018535,591.965805486,4.598
preprocess_ms,bevfusion_2_7_opt_slow,593,1779955920345698718,592.946485669,5.247
preprocess_ms,bevfusion_2_7_opt_slow,594,1779955921345874783,593.946661734,2.9
