mode,timestamp_ns,time_from_start_s,latency_ms
FP16,1779096963414452561,0.0,50.353
FP16,1779096963506194159,0.09174159800000001,56.117
FP16,1779096963582613376,0.16816081500000002,48.363
FP16,1779096963672737993,0.25828543200000004,43.539
FP16,1779096963780757398,0.36630483700000005,43.84
FP16,1779096963894372176,0.479919615,44.215
FP16,1779096964006834679,0.5923821180000001,55.554
FP16,1779096964081621371,0.6671688100000001,43.492
FP16,1779096964182249054,0.7677964930000001,46.944
FP16,1779096964266466554,0.852013993,45.214
FP16,1779096964371018819,0.9565662580000001,44.067
FP16,1779096964472015235,1.0575626740000001,47.604
FP16,1779096964573309410,1.158856849,48.592
FP16,1779096964679439714,1.264987153,43.284
FP16,1779096964783017783,1.3685652220000002,43.46
FP16,1779096964883667897,1.469215336,43.988
FP16,1779096964986423746,1.571971185,43.639
FP16,1779096965080783801,1.66633124,45.495
FP16,1779096965175914541,1.7614619800000002,44.243
FP16,1779096965278399288,1.863946727,44.516
FP16,1779096965403968981,1.9895164200000002,56.007
FP16,1779096965479838895,2.0653863340000003,49.95
FP16,1779096965569695722,2.155243161,45.253
FP16,1779096965691378525,2.276925964,46.288
FP16,1779096965794866656,2.3804140950000003,51.976
FP16,1779096965883203729,2.4687511680000003,43.426
FP16,1779096966000915075,2.5864625140000004,48.787
FP16,1779096966116453310,2.702000749,51.114
FP16,1779096966186176992,2.771724431,45.596
FP16,1779096966280881824,2.866429263,44.212
FP16,1779096966410123856,2.995671295,53.289
FP16,1779096966483207147,3.0687545860000003,44.766
FP16,1779096966590273005,3.175820444,48.183
FP16,1779096966683038562,3.268586001,45.364
FP16,1779096966792376773,3.3779242120000004,45.845
FP16,1779096966896193158,3.4817405970000004,49.788
FP16,1779096966971302793,3.5568502320000004,47.644
FP16,1779096967105223439,3.6907708780000004,51.044
FP16,1779096967185101902,3.7706493410000004,49.61
FP16,1779096967262021990,3.8475694290000004,42.971
FP16,1779096967389028257,3.974575696,45.102
FP16,1779096967507159335,4.092706774,50.858
FP16,1779096967589499793,4.175047232,49.16
FP16,1779096967681381343,4.266928782,45.595
FP16,1779096967792044912,4.3775923510000005,44.122
FP16,1779096967894215989,4.479763428,48.851
FP16,1779096968001176623,4.586724062,48.945
FP16,1779096968100052211,4.68559965,54.228
FP16,1779096968198971780,4.784519219,51.51
FP16,1779096968271750265,4.8572977040000005,43.966
FP16,1779096968418436681,5.00398412,53.373
FP16,1779096968483393465,5.068940904000001,48.881
FP16,1779096968561051346,5.146598785,44.238
FP16,1779096968676771235,5.262318674,46.889
FP16,1779096968773788579,5.3593360180000005,43.801
FP16,1779096968872844704,5.458392143,43.595
FP16,1779096969009342757,5.594890196000001,53.084
FP16,1779096969095949820,5.681497259,50.282
FP16,1779096969178403361,5.7639508,43.006
FP16,1779096969284794863,5.870342302,45.41
FP16,1779096969395202875,5.980750314000001,50.689
FP16,1779096969504899180,6.090446619000001,50.931
FP16,1779096969569120606,6.154668045,46.862
FP16,1779096969674309717,6.259857156000001,43.806
FP16,1779096969798169771,6.38371721,49.964
FP16,1779096969864886561,6.4504340000000004,43.554
FP16,1779096969976765412,6.562312851000001,43.897
FP16,1779096970073506959,6.659054398,54.08
FP16,1779096970221225826,6.806773265,58.16
FP16,1779096970277411526,6.862958965000001,49.478
FP16,1779096970385314521,6.970861960000001,49.518
FP16,1779096970483459589,7.069007028000001,42.915
FP16,1779096970573203002,7.1587504410000005,44.77
FP16,1779096970677526379,7.2630738180000005,45.439
FP16,1779096970760054416,7.345601855000001,43.888
FP16,1779096970900401573,7.485949012000001,50.276
FP16,1779096971008018182,7.593565621000001,51.585
FP16,1779096971069138134,7.654685573,47.705
FP16,1779096971224520658,7.810068097,59.928
FP16,1779096971274160749,7.859708188000001,49.247
FP16,1779096971371791890,7.957339329000001,47.819
FP16,1779096971467382257,8.052929696,48.892
FP16,1779096971573097631,8.15864507,46.737
FP16,1779096971662682040,8.248229479,46.003
FP16,1779096971761410882,8.346958321,45.493
FP16,1779096971892891058,8.478438497,46.331
FP16,1779096971995739500,8.581286939,60.891
FP16,1779096972085867925,8.671415364000001,55.203
FP16,1779096972185328690,8.770876129000001,44.739
FP16,1779096972278008981,8.86355642,42.772
FP16,1779096972426171260,9.011718699000001,59.293
FP16,1779096972472488998,9.058036437,45.611
FP16,1779096972578350138,9.163897577,45.653
FP16,1779096972667717709,9.253265148,45.332
FP16,1779096972770167627,9.355715066,47.534
FP16,1779096972875258355,9.460805794,43.751
FP16,1779096972972504028,9.558051467,45.357
FP16,1779096973067597173,9.653144612,46.029
FP16,1779096973205656936,9.791204375000001,51.043
FP16,1779096973278548206,9.864095645,57.187
FP16,1779096973388089970,9.973637409,55.862
FP16,1779096973463072363,10.048619802000001,44.887
FP16,1779096973571104780,10.156652219000001,42.769
FP16,1779096973702945023,10.288492462,52.227
FP16,1779096973810757747,10.396305186000001,55.741
FP16,1779096973908700785,10.494248224000001,51.525
FP16,1779096973982156132,10.567703571000001,43.933
FP16,1779096974095632340,10.681179779,52.103
FP16,1779096974190018862,10.775566301000001,51.534
FP16,1779096974305067134,10.890614573,56.02
FP16,1779096974416294139,11.001841578,55.184
FP16,1779096974485450496,11.070997935000001,44.491
FP16,1779096974621845622,11.207393061000001,52.392
FP16,1779096974688029206,11.273576645,51.431
FP16,1779096974783084701,11.36863214,43.198
FP16,1779096974887198001,11.47274544,49.864
FP16,1779096974963889362,11.549436801,45.23
FP16,1779096975088580223,11.674127662,51.844
FP16,1779096975207215950,11.792763389000001,51.422
FP16,1779096975299911607,11.885459046000001,50.894
FP16,1779096975381455989,11.967003428,44.376
FP16,1779096975485295349,12.070842788,44.914
FP16,1779096975571101240,12.156648679,46.678
FP16,1779096975680838434,12.266385873,43.111
FP16,1779096975786471474,12.372018913000002,49.118
FP16,1779096975867290531,12.452837970000001,44.916
FP16,1779096975963147902,12.548695341,44.815
FP16,1779096976066750165,12.652297604000001,45.879
FP16,1779096976199634199,12.785181638000001,51.03
FP16,1779096976274200683,12.859748122000001,43.457
FP16,1779096976372814102,12.958361541,49.559
FP16,1779096976484610476,13.070157915000001,45.464
FP16,1779096976598585650,13.184133089000001,48.82
FP16,1779096976678738660,13.264286099000001,43.395
FP16,1779096976786792888,13.372340327000002,46.715
FP16,1779096976890424843,13.475972282,44.638
FP16,1779096976977168236,13.562715675000002,42.705
FP16,1779096977096609922,13.682157361000002,49.75
FP16,1779096977170669902,13.756217341000001,48.985
FP16,1779096977271463610,13.857011049,44.644
FP16,1779096977368850189,13.954397628,43.48
FP16,1779096977468064273,14.053611712,49.5
FP16,1779096977600476493,14.186023932000001,47.884
FP16,1779096977689689758,14.275237197000001,47.058
FP16,1779096977789549972,14.375097411,48.556
FP16,1779096977866564246,14.452111685,44.402
FP16,1779096977968327281,14.553874720000001,46.759
FP16,1779096978129444172,14.714991611,68.96
FP16,1779096978197335615,14.782883054000001,53.332
FP16,1779096978294776833,14.880324272000001,49.331
FP16,1779096978392919091,14.97846653,48.066
FP16,1779096978484114225,15.069661664000002,47.877
FP16,1779096978574443471,15.159990910000001,46.672
FP16,1779096978719889937,15.305437376,53.153
FP16,1779096978778093666,15.363641105000001,44.856
FP16,1779096978890345185,15.475892624,51.168
FP16,1779096978970963945,15.556511384,47.04
FP16,1779096979072282703,15.657830142000002,47.712
FP16,1779096979171209291,15.756756730000001,48.269
FP16,1779096979298233649,15.883781088000001,48.023
FP16,1779096979373827525,15.959374964,44.347
FP16,1779096979474088296,16.059635735,45.101
FP16,1779096979587356950,16.172904389,46.163
FP16,1779096979684671263,16.270218702,46.394
FP16,1779096979805422155,16.390969594,55.437
FP16,1779096979869253710,16.454801149,50.4
FP16,1779096980004529963,16.590077402000002,56.83
FP16,1779096980085650994,16.671198433,45.366
FP16,1779096980204920827,16.790468266,55.506
FP16,1779096980283375396,16.868922835,43.57
FP16,1779096980379366773,16.964914212,44.646
FP16,1779096980491789252,17.077336691,49.262
FP16,1779096980573517608,17.159065047000002,47.886
FP16,1779096980671511395,17.257058834000002,48.505
FP16,1779096980802301644,17.387849083000003,49.786
FP16,1779096980890686999,17.476234438000002,49.873
FP16,1779096980989161797,17.574709236,48.336
FP16,1779096981094706887,17.680254326,50.095
FP16,1779096981186120847,17.771668286,52.553
FP16,1779096981272151342,17.857698781,43.121
FP16,1779096981404710205,17.990257644,50.322
FP16,1779096981469512787,18.055060226000002,47.444
FP16,1779096981582070242,18.167617681,47.98
FP16,1779096981672726776,18.258274215,51.743
FP16,1779096981776492696,18.362040135,43.131
FP16,1779096981879242273,18.464789712,45.989
FP16,1779096981969319864,18.554867303,45.286
FP16,1779096982070705283,18.656252722,46.611
FP16,1779096982183830473,18.769377912,46.51
FP16,1779096982295779523,18.881326962000003,49.232
FP16,1779096982408788495,18.994335934000002,52.901
FP16,1779096982469808629,19.055356068000002,45.363
FP16,1779096982584715269,19.170262708000003,42.837
FP16,1779096982687977575,19.273525014,48.444
FP16,1779096982771203749,19.356751188,45.003
FP16,1779096982882125154,19.467672593,46.691
FP16,1779096982971976921,19.557524360000002,42.617
FP16,1779096983081580409,19.667127848,62.75
FP16,1779096983189893878,19.775441317000002,48.125
FP16,1779096983278950235,19.864497674000003,44.893
FP16,1779096983391460218,19.977007657,50.429
FP16,1779096983471893093,20.057440532,47.279
FP16,1779096983616479620,20.202027059000002,51.515
FP16,1779096983709205653,20.294753092,51.273
FP16,1779096983807779767,20.393327206000002,55.123
FP16,1779096983917018434,20.502565873,50.807
FP16,1779096983984520019,20.570067458,49.18
FP16,1779096984068759457,20.654306896,47.875
FP16,1779096984202556420,20.788103859,52.985
FP16,1779096984279836137,20.865383576000003,49.435
FP16,1779096984397159438,20.982706877000002,47.758
FP16,1779096984509127264,21.094674703000003,52.395
FP16,1779096984596214627,21.181762066,48.861
FP16,1779096984694870471,21.28041791,50.808
FP16,1779096984771827559,21.357374998,47.605
FP16,1779096984870416361,21.455963800000003,47.362
FP16,1779096985006889520,21.592436959,51.22
FP16,1779096985085368687,21.670916126,47.654
FP16,1779096985169027185,21.754574624,46.959
FP16,1779096985267809183,21.853356622,45.578
FP16,1779096985373031035,21.958578474000003,51.911
FP16,1779096985481837340,22.067384779,42.996
FP16,1779096985583970089,22.169517528,45.993
FP16,1779096985678713797,22.264261236000003,45.668
FP16,1779096985776408775,22.361956214000003,46.064
FP16,1779096985890144553,22.475691992,42.66
FP16,1779096986010473007,22.596020446,57.212
FP16,1779096986090923199,22.676470638,49.992
FP16,1779096986170415882,22.755963321000003,46.445
FP16,1779096986301259213,22.886806652,55.42
FP16,1779096986393053283,22.978600722000003,47.558
FP16,1779096986487289939,23.072837378000003,49.343
FP16,1779096986588341973,23.173889412,48.193
FP16,1779096986666632313,23.252179752,47.811
FP16,1779096986771619874,23.357167313,47.627
FP16,1779096986873125394,23.458672833,49.392
FP16,1779096986997621677,23.583169116,49.455
FP16,1779096987082541224,23.668088663000002,44.469
FP16,1779096987215405739,23.800953178,55.262
FP16,1779096987294670822,23.880218261000003,51.768
FP16,1779096987381065814,23.966613253000002,43.818
FP16,1779096987482366055,24.067913494000003,43.645
FP16,1779096987585739493,24.171286932,47.611
FP16,1779096987665137322,24.250684761000002,46.207
FP16,1779096987774736881,24.36028432,47.487
FP16,1779096987886693674,24.472241113000003,50.402
FP16,1779096987998131391,24.58367883,51.138
FP16,1779096988082934416,24.668481855000003,50.46
FP16,1779096988165428497,24.750975936000003,46.685
FP16,1779096988266408469,24.851955908,45.625
FP16,1779096988391402379,24.976949818,48.834
FP16,1779096988503416417,25.088963856000003,53.262
FP16,1779096988614247135,25.199794574000002,52.78
FP16,1779096988672611742,25.258159181,43.336
FP16,1779096988770375017,25.355922456000002,45.976
FP16,1779096988874893222,25.460440661000003,52.745
FP16,1779096988991259412,25.576806851,46.518
FP16,1779096989072924916,25.658472355,49.157
FP16,1779096989173062771,25.75861021,49.043
FP16,1779096989295262671,25.880810110000002,51.107
FP16,1779096989369939516,25.955486955,48.007
FP16,1779096989481002003,26.066549442000003,45.758
FP16,1779096989569670207,26.155217646,47.675
FP16,1779096989673366749,26.258914188000002,48.525
FP16,1779096989817911018,26.403458457000003,58.985
FP16,1779096989901034236,26.486581675,59.266
FP16,1779096990009295138,26.594842577,55.764
FP16,1779096990095086580,26.680634019000003,47.251
FP16,1779096990192526970,26.778074409000002,53.039
FP16,1779096990271863451,26.85741089,44.035
FP16,1779096990367630906,26.953178345,46.363
FP16,1779096990470828784,27.056376223,47.938
FP16,1779096990582717993,27.168265432000002,49.103
FP16,1779096990684583569,27.270131008000003,44.618
FP16,1779096990786090618,27.371638057000002,44.916
FP16,1779096990920580753,27.506128192000002,53.973
FP16,1779096991028845960,27.614393399,56.907
FP16,1779096991098191903,27.683739342000003,48.621
FP16,1779096991183130900,27.768678339,45.181
FP16,1779096991283366301,27.86891374,44.979
FP16,1779096991415440118,28.000987557000002,56.994
FP16,1779096991491216083,28.076763522,48.652
FP16,1779096991603569178,28.189116617000003,53.564
FP16,1779096991680096935,28.265644374,44.106
FP16,1779096991796988893,28.382536332,52.75
FP16,1779096991913186379,28.498733818,55.99
FP16,1779096992005053615,28.590601054,58.805
FP16,1779096992080918215,28.666465654000003,46.974
FP16,1779096992191975481,28.777522920000003,49.591
FP16,1779096992276668943,28.862216382000003,45.405
FP16,1779096992412180289,28.997727728,58.167
FP16,1779096992504896157,29.090443596,49.47
FP16,1779096992608450838,29.193998277000002,53.014
FP16,1779096992715659329,29.301206768,53.664
FP16,1779096992770165675,29.355713114,48.409
FP16,1779096992872616292,29.458163731000003,46.523
FP16,1779096992980204163,29.565751602000002,44.012
FP16,1779096993102801813,29.688349252000002,49.921
FP16,1779096993204849413,29.790396852,52.011
FP16,1779096993276659685,29.862207124,49.098
FP16,1779096993408117637,29.993665076000003,52.856
FP16,1779096993475595887,30.061143326000003,46.346
FP16,1779096993585551312,30.171098751000002,47.869
FP16,1779096993695356096,30.280903535,50.802
FP16,1779096993775830767,30.361378206,44.581
FP16,1779096993925814197,30.511361636,56.22
FP16,1779096994007789880,30.593337319000003,58.808
FP16,1779096994101046266,30.686593705000003,45.791
FP16,1779096994170667950,30.756215389,49.0
FP16,1779096994281922548,30.867469987000003,48.157
FP16,1779096994380346507,30.965893946,46.446
FP16,1779096994478814285,31.064361724,43.259
FP16,1779096994571386847,31.156934286000002,49.031
FP16,1779096994669540043,31.255087482,44.793
FP16,1779096994787748450,31.373295889,44.099
FP16,1779096994896903590,31.482451029000003,51.683
FP16,1779096994985875918,31.571423357,45.918
FP16,1779096995071990907,31.657538346000003,48.273
FP16,1779096995188922426,31.774469865,47.988
FP16,1779096995288099364,31.873646803000003,47.754
FP16,1779096995375487302,31.961034741000002,49.432
FP16,1779096995488649911,32.07419735,50.488
FP16,1779096995605907815,32.191455254000005,56.743
FP16,1779096995688530649,32.274078088,44.935
FP16,1779096995814219444,32.399766883000005,51.717
FP16,1779096995903402763,32.488950202000005,51.535
FP16,1779096995985397022,32.570944461,46.214
FP16,1779096996114160351,32.699707790000005,60.409
FP16,1779096996171642095,32.757189534000005,49.108
FP16,1779096996284344408,32.869891847000005,50.472
FP16,1779096996373550512,32.959097951000004,51.296
FP16,1779096996492258474,33.077805913,52.09
FP16,1779096996578715115,33.164262554000004,45.635
FP16,1779096996686870882,33.272418321,46.578
FP16,1779096996791861079,33.377408518,47.809
FP16,1779096996880305009,33.465852448,44.429
FP16,1779096996994208846,33.579756285,44.806
FP16,1779096997116598182,33.702145621,49.493
FP16,1779096997186040118,33.771587557000004,47.981
FP16,1779096997303960943,33.889508382,54.172
FP16,1779096997374149849,33.959697288,44.58
FP16,1779096997478411671,34.06395911,47.661
FP16,1779096997616646055,34.202193494,51.462
FP16,1779096997687028129,34.272575568,46.065
FP16,1779096997782907516,34.368454955000004,45.193
FP16,1779096997889744097,34.475291536,44.813
FP16,1779096998029011685,34.614559124,69.032
FP16,1779096998091722975,34.677270414,46.152
FP16,1779096998226217868,34.811765307,53.74
FP16,1779096998309323561,34.894871,55.714
FP16,1779096998381589004,34.967136443,44.755
FP16,1779096998486939607,35.072487046,45.482
FP16,1779096998622365973,35.207913412,54.932
FP16,1779096998694242248,35.279789687000005,49.311
FP16,1779096998775299935,35.360847374,45.593
FP16,1779096998871300118,35.456847557,48.639
FP16,1779096999008279303,35.593826742000005,61.101
FP16,1779096999112785592,35.698333031000004,51.949
FP16,1779096999194566018,35.780113457,48.22
FP16,1779096999315666475,35.901213914,55.695
FP16,1779096999385723499,35.971270938,46.597
FP16,1779096999538005066,36.123552505,60.582
FP16,1779096999584210177,36.169757616000005,44.068
FP16,1779096999692253477,36.277800916000004,50.114
FP16,1779096999779817493,36.365364932000006,46.645
FP16,1779096999866486501,36.45203394,44.506
FP16,1779096999984747096,36.570294535,49.553
FP16,1779097000083743955,36.669291394000005,49.462
FP16,1779097000171356184,36.756903623,41.797
FP16,1779097000295886937,36.881434376,51.788
FP16,1779097000382037082,36.967584521,48.0
FP16,1779097000470273567,37.055821006,45.322
FP16,1779097000568104340,37.153651779,46.928
FP16,1779097000684599341,37.270146780000005,43.525
FP16,1779097000781764295,37.367311734000005,44.024
FP16,1779097000911558891,37.49710633,53.981
FP16,1779097000974322929,37.559870368000006,51.957
FP16,1779097001113200682,37.698748121,63.377
FP16,1779097001202255057,37.787802496000005,48.513
FP16,1779097001310897904,37.896445343,53.794
FP16,1779097001382237122,37.967784561,54.086
FP16,1779097001494687363,38.080234802,46.969
FP16,1779097001605600661,38.1911481,57.319
FP16,1779097001672893214,38.258440653,47.958
FP16,1779097001795017360,38.380564799000005,50.308
FP16,1779097001876337025,38.461884464,46.227
FP16,1779097001980700800,38.566248239000004,55.572
FP16,1779097002071775626,38.657323065,46.483
FP16,1779097002215239971,38.800787410000005,52.156
FP16,1779097002297100681,38.88264812,47.073
FP16,1779097002407509567,38.993057006,54.742
FP16,1779097002474412633,39.059960072,44.385
FP16,1779097002592207723,39.177755162000004,50.058
FP16,1779097002669375594,39.254923033000004,49.644
FP16,1779097002789160542,39.374707981,58.471
FP16,1779097002893016655,39.478564094,46.952
FP16,1779097002978970440,39.564517879,47.674
FP16,1779097003090423919,39.675971358000005,47.755
FP16,1779097003204944588,39.790492027,58.431
FP16,1779097003278963118,39.864510557,54.303
FP16,1779097003383864231,39.96941167,45.014
FP16,1779097003487473180,40.073020619000005,44.74
FP16,1779097003591060916,40.176608355,50.401
FP16,1779097003711868424,40.297415863000005,51.581
FP16,1779097003788236987,40.373784426,51.456
FP16,1779097003876761925,40.462309364,45.005
FP16,1779097003975686648,40.561234087,48.782
FP16,1779097004085054434,40.670601873,56.534
FP16,1779097004168400931,40.75394837,46.126
FP16,1779097004269402794,40.854950233000004,50.496
FP16,1779097004387736969,40.973284408000005,45.29
FP16,1779097004491434424,41.076981863,55.273
FP16,1779097004609831079,41.195378518000005,52.012
FP16,1779097004710382451,41.295929890000004,54.053
FP16,1779097004790387949,41.375935388,49.222
FP16,1779097004917224401,41.50277184,50.864
FP16,1779097005007450470,41.592997909000005,56.435
FP16,1779097005106811861,41.6923593,59.596
FP16,1779097005208881058,41.794428497000006,54.339
FP16,1779097005282192744,41.867740183,49.12
FP16,1779097005387447518,41.972994957000004,50.981
FP16,1779097005467175778,42.052723217,47.441
FP16,1779097005581710600,42.167258039000004,45.731
FP16,1779097005708040461,42.293587900000006,53.63
FP16,1779097005779739587,42.365287026000004,55.258
FP16,1779097005910700707,42.496248146,51.827
FP16,1779097005987650696,42.573198135000005,45.082
FP16,1779097006091487325,42.677034764000005,46.22
FP16,1779097006209481376,42.795028815,60.221
FP16,1779097006310589134,42.896136573,56.909
FP16,1779097006395720348,42.981267787,50.94
FP16,1779097006505852774,43.091400213,51.607
FP16,1779097006594131061,43.1796785,45.851
FP16,1779097006695105802,43.280653241,52.057
FP16,1779097006774255947,43.359803386,46.977
FP16,1779097006876205567,43.461753006,45.914
FP16,1779097006968565908,43.554113347000005,48.767
FP16,1779097007087252610,43.672800049,49.35
FP16,1779097007201194880,43.786742319000005,56.631
FP16,1779097007270365774,43.855913213,49.146
FP16,1779097007389752426,43.975299865000004,43.788
FP16,1779097007485948223,44.071495662000004,49.903
FP16,1779097007576879109,44.162426548000006,47.234
FP16,1779097007676092501,44.26163994,48.149
FP16,1779097007813618410,44.399165849000006,56.808
FP16,1779097007888101968,44.473649407,45.374
FP16,1779097008006196624,44.591744063,54.172
FP16,1779097008108855864,44.694403303,50.187
FP16,1779097008171584363,44.757131802,49.63
FP16,1779097008286661928,44.872209367,44.216
FP16,1779097008395259442,44.980806881,52.191
FP16,1779097008491960481,45.07750792,50.22
FP16,1779097008603987304,45.189534743,55.394
FP16,1779097008691352364,45.276899803000006,44.803
FP16,1779097008784770372,45.370317811,45.645
FP16,1779097008872294226,45.457841665000004,46.821
FP16,1779097008991057769,45.576605208000004,45.971
FP16,1779097009108551204,45.694098643000004,54.673
FP16,1779097009195281266,45.780828705000005,52.843
FP16,1779097009286332887,45.871880326,46.972
FP16,1779097009387607822,45.973155261,48.597
FP16,1779097009467763860,46.053311299,45.578
FP16,1779097009582740245,46.168287684000006,46.646
FP16,1779097009710292517,46.295839956,53.538
FP16,1779097009770386427,46.355933866,47.973
FP16,1779097009870567370,46.456114809000006,48.144
FP16,1779097010006228479,46.591775918,59.487
FP16,1779097010079654696,46.665202135,46.387
FP16,1779097010175345428,46.760892867,45.303
FP16,1779097010276615579,46.862163018000004,47.597
FP16,1779097010383483001,46.969030440000004,48.359
FP16,1779097010509418057,47.094965496,54.497
FP16,1779097010586413172,47.171960611,43.384
FP16,1779097010695359315,47.280906754,55.211
FP16,1779097010793578247,47.379125686,46.53
FP16,1779097010902579956,47.48812739500001,56.345
FP16,1779097010974693216,47.560240655,45.138
FP16,1779097011093901926,47.679449365,56.202
FP16,1779097011180848618,47.766396057,47.266
FP16,1779097011277810485,47.863357924000006,47.941
FP16,1779097011370849176,47.956396615,48.915
FP16,1779097011465183821,48.050731260000006,45.658
FP16,1779097011619927767,48.205475206,58.781
FP16,1779097011692045025,48.277592464,48.562
FP16,1779097011797260069,48.382807508000006,43.543
FP16,1779097011888553357,48.474100796,46.019
FP16,1779097011999754176,48.585301615000006,50.335
FP16,1779097012081476231,48.667023670000006,46.624
FP16,1779097012171834270,48.757381709,46.806
FP16,1779097012304940016,48.890487455000006,54.999
FP16,1779097012410853651,48.996401090000006,59.11
FP16,1779097012484473161,49.07002060000001,46.108
FP16,1779097012570377901,49.15592534,45.844
FP16,1779097012683676539,49.26922397800001,42.96
FP16,1779097012777745063,49.363292502,45.479
FP16,1779097012872328510,49.457875949000005,47.66
FP16,1779097012988545284,49.574092723,48.297
FP16,1779097013086058602,49.671606041000004,50.552
FP16,1779097013205548493,49.791095932000005,55.779
FP16,1779097013268198286,49.853745725,45.953
FP16,1779097013389821731,49.97536917,54.032
FP16,1779097013475499923,50.061047362000004,44.853
FP16,1779097013582792203,50.16833964200001,45.445
FP16,1779097013692880974,50.278428413,48.007
FP16,1779097013782483097,50.368030536000006,49.996
FP16,1779097013865999031,50.451546470000004,46.771
FP16,1779097013976439123,50.561986562,45.397
FP16,1779097014082816601,50.66836404,48.877
FP16,1779097014187580558,50.773127997,49.232
FP16,1779097014273445102,50.858992541000006,48.418
FP16,1779097014403079311,50.98862675,55.235
FP16,1779097014479132000,51.064679439,49.708
FP16,1779097014572191040,51.157738479,46.88
FP16,1779097014668817871,51.254365310000004,48.671
FP16,1779097014769196954,51.354744393000004,47.309
FP16,1779097014863307669,51.448855108000004,43.993
FP16,1779097014965339335,51.550886774000006,46.651
FP16,1779097015090305479,51.675852918000004,43.991
FP16,1779097015185647197,51.771194636000004,45.23
FP16,1779097015277116864,51.862664303,43.935
FP16,1779097015377975410,51.963522849,51.046
FP16,1779097015497310881,52.08285832,49.024
FP16,1779097015578993212,52.164540651,49.099
FP16,1779097015676266229,52.261813668,47.511
FP16,1779097015782505830,52.368053269,45.647
FP16,1779097015880368487,52.465915926,45.156
FP16,1779097015969118174,52.554665613000004,48.886
FP16,1779097016076850673,52.662398112000005,43.684
FP16,1779097016167475672,52.753023111000005,47.802
FP16,1779097016268157470,52.853704909,48.474
FP16,1779097016407058707,52.992606146,54.492
FP16,1779097016490377628,53.075925067,44.659
FP16,1779097016579769699,53.165317138000006,44.603
FP16,1779097016710034373,53.295581812,50.662
FP16,1779097016783329587,53.368877026,45.823
FP16,1779097016891433943,53.476981382000005,50.807
FP16,1779097016969564412,53.55511185100001,47.836
FP16,1779097017073076132,53.65862357100001,46.303
FP16,1779097017184637157,53.770184596,48.17
FP16,1779097017272238458,53.85778589700001,47.509
FP16,1779097017368431569,53.953979008000005,46.87
FP16,1779097017506207878,54.091755317,51.003
FP16,1779097017569571039,54.155118478000006,47.712
FP16,1779097017674349020,54.259896459000004,46.266
FP16,1779097017802791531,54.38833897000001,51.951
FP16,1779097017882703678,54.468251117,48.576
FP16,1779097017982025347,54.56757278600001,44.695
FP16,1779097018082953641,54.668501080000006,50.002
FP16,1779097018175443475,54.760990914000004,45.543
FP16,1779097018277083481,54.86263092,47.227
FP16,1779097018386329032,54.971876471,43.54
FP16,1779097018479611089,55.065158528000005,46.486
FP16,1779097018595563357,55.181110796000006,49.435
FP16,1779097018674741647,55.260289086,44.957
FP16,1779097018781043703,55.366591142000004,45.058
FP16,1779097018886663933,55.472211372000004,45.818
FP16,1779097018980842156,55.566389595000004,50.461
FP16,1779097019082770606,55.66831804500001,50.171
FP16,1779097019165245365,55.75079280400001,46.128
FP16,1779097019276550413,55.862097852000005,45.29
FP16,1779097019377421983,55.962969422,44.913
FP16,1779097019484009023,56.069556462,51.481
FP16,1779097019568458266,56.154005705,46.843
FP16,1779097019716355802,56.301903241000005,55.94
FP16,1779097019808314508,56.393861947000005,64.194
FP16,1779097019891966218,56.477513657,47.005
FP16,1779097020015610561,56.601158000000005,55.895
FP16,1779097020072974959,56.658522398,50.474
FP16,1779097020170931387,56.756478826000006,46.407
FP16,1779097020272579467,56.858126906,45.982
FP16,1779097020374524627,56.960072066,48.972
FP16,1779097020477266683,57.062814122000006,44.929
FP16,1779097020580099880,57.165647319,46.925
FP16,1779097020700986586,57.286534025,47.739
FP16,1779097020786829816,57.372377255,50.468
FP16,1779097020883670750,57.469218189,46.254
FP16,1779097020986726422,57.572273861000006,50.997
FP16,1779097021068148907,57.653696346000004,48.045
FP16,1779097021173354707,57.758902146000004,44.951
FP16,1779097021309374398,57.894921837000005,54.346
FP16,1779097021373288710,57.95883614900001,44.5
FP16,1779097021503587042,58.089134481,51.642
FP16,1779097021585279356,58.170826795,60.188
FP16,1779097021673645436,58.259192875000004,43.86
FP16,1779097021798496539,58.384043978,51.333
FP16,1779097021879667810,58.465215249,46.947
FP16,1779097021988582074,58.574129513,48.628
FP16,1779097022079586705,58.66513414400001,46.131
FP16,1779097022180152709,58.765700148,44.582
FP16,1779097022278629482,58.864176921,45.707
FP16,1779097022381634329,58.967181768,47.919
FP16,1779097022480816557,59.06636399600001,43.639
FP16,1779097022578940760,59.164488199000004,46.149
FP16,1779097022663622855,59.249170294,44.046
INT8,1779097367958621166,0.0,39.876
INT8,1779097368074089405,0.115468239,39.897
INT8,1779097368154051633,0.19543046700000002,37.006
INT8,1779097368238682448,0.280061282,35.725
INT8,1779097368316625493,0.358004327,35.158
INT8,1779097368450044731,0.491423565,39.207
INT8,1779097368601738938,0.6431177720000001,64.03
INT8,1779097368664900170,0.7062790040000001,36.368
INT8,1779097368790453733,0.8318325670000001,35.247
INT8,1779097368891814150,0.9331929840000001,41.45
INT8,1779097368991272849,1.032651683,38.059
INT8,1779097369075617438,1.1169962720000002,37.102
INT8,1779097369195678091,1.237056925,51.731
INT8,1779097369300682724,1.3420615580000002,56.748
INT8,1779097369374307865,1.415686699,37.587
INT8,1779097369426721297,1.4681001310000001,30.591
INT8,1779097369528694576,1.57007341,30.837
INT8,1779097369626839231,1.668218065,33.193
INT8,1779097369705260629,1.7466394630000002,30.439
INT8,1779097369832701124,1.874079958,34.564
INT8,1779097369950596155,1.991974989,42.593
INT8,1779097370054258820,2.0956376540000003,36.119
INT8,1779097370132036785,2.173415619,31.337
INT8,1779097370222120999,2.263499833,30.346
INT8,1779097370334758924,2.376137758,32.388
INT8,1779097370422568606,2.46394744,34.486
INT8,1779097370546863986,2.58824282,32.705
INT8,1779097370682952047,2.724330881,39.153
INT8,1779097370734137844,2.7755166780000002,34.057
INT8,1779097370853518843,2.8948976770000003,41.607
INT8,1779097370960260068,3.0016389020000003,39.857
INT8,1779097371044011865,3.0853906990000004,43.89
INT8,1779097371177102102,3.218480936,54.571
INT8,1779097371252032570,3.293411404,38.089
INT8,1779097371332162466,3.3735413000000003,33.925
INT8,1779097371433398061,3.474776895,33.36
INT8,1779097371556756093,3.5981349270000003,39.246
INT8,1779097371660233351,3.701612185,45.759
INT8,1779097371751540459,3.792919293,47.255
INT8,1779097371869716510,3.911095344,42.317
INT8,1779097371979871349,4.021250183,44.791
INT8,1779097372099172857,4.140551691000001,48.593
INT8,1779097372171813343,4.213192177000001,36.491
INT8,1779097372271876093,4.313254927,40.727
INT8,1779097372360711080,4.402089914,40.363
INT8,1779097372467329608,4.5087084420000005,45.573
INT8,1779097372555531676,4.596910510000001,37.061
INT8,1779097372628336931,4.669715765,34.505
INT8,1779097372762186711,4.8035655450000005,47.833
INT8,1779097372828054026,4.86943286,35.611
INT8,1779097372989663532,5.031042366,52.872
INT8,1779097373083030833,5.124409667,44.374
INT8,1779097373163658653,5.205037487,51.482
INT8,1779097373238799066,5.2801779,34.947
INT8,1779097373331106678,5.372485512,39.113
INT8,1779097373498324786,5.53970362,47.942
INT8,1779097373580397196,5.62177603,49.132
INT8,1779097373660531631,5.701910465,38.649
INT8,1779097373747924783,5.789303617000001,34.294
INT8,1779097373853677463,5.895056297,36.402
INT8,1779097373998075430,6.039454264000001,41.672
INT8,1779097374097468894,6.138847728,55.385
INT8,1779097374144065319,6.185444153000001,36.231
INT8,1779097374272407526,6.313786360000001,50.32
INT8,1779097374350163567,6.391542401000001,38.269
INT8,1779097374445970538,6.487349372000001,34.461
INT8,1779097374602966272,6.644345106,51.715
INT8,1779097374670998256,6.71237709,33.778
INT8,1779097374749814084,6.791192918,36.291
INT8,1779097374858034655,6.8994134890000005,41.968
INT8,1779097374956692922,6.998071756000001,47.69
INT8,1779097375074062603,7.115441437,34.5
INT8,1779097375155800201,7.1971790350000004,40.185
INT8,1779097375297039311,7.338418145,46.308
INT8,1779097375361431364,7.402810198,33.857
INT8,1779097375451661870,7.493040704,35.817
INT8,1779097375567610876,7.60898971,45.283
INT8,1779097375623384569,7.664763403,32.747
INT8,1779097375775490521,7.816869355000001,53.907
INT8,1779097375887553875,7.928932709000001,43.048
INT8,1779097375999039124,8.040417958,44.163
INT8,1779097376088457504,8.129836338,47.11
INT8,1779097376148806604,8.190185438,34.626
INT8,1779097376254564241,8.295943075,38.14
INT8,1779097376344075528,8.385454362,39.029
INT8,1779097376488184590,8.529563424000001,43.839
INT8,1779097376559475795,8.600854629,34.631
INT8,1779097376668199200,8.709578034,43.363
INT8,1779097376740389652,8.781768486,35.629
INT8,1779097376864550139,8.905928973,37.579
INT8,1779097376943543961,8.984922795000001,38.342
INT8,1779097377037890836,9.07926967,34.698
INT8,1779097377173402583,9.214781417000001,39.507
INT8,1779097377272884786,9.31426362,39.52
INT8,1779097377341646303,9.383025137,34.78
INT8,1779097377456160077,9.497538911000001,38.319
INT8,1779097377526556247,9.567935081,30.475
INT8,1779097377668914930,9.710293764000001,33.621
INT8,1779097377787974046,9.82935288,43.798
INT8,1779097377875176993,9.916555827,39.837
INT8,1779097377979050552,10.020429386,55.19
INT8,1779097378093199860,10.134578694,54.58
INT8,1779097378162789137,10.204167971,36.138
INT8,1779097378269850469,10.311229303000001,48.091
INT8,1779097378339552841,10.380931675000001,34.594
INT8,1779097378443573761,10.484952595000001,34.318
INT8,1779097378546630081,10.588008915000001,35.401
INT8,1779097378662773221,10.704152055000002,36.385
INT8,1779097378739390535,10.780769369000001,39.677
INT8,1779097378878195982,10.919574816,34.816
INT8,1779097378966862819,11.008241653,37.715
INT8,1779097379064090215,11.105469049,45.66
INT8,1779097379150873771,11.192252605,43.539
INT8,1779097379246593145,11.287971979,34.756
INT8,1779097379404493278,11.445872112,57.811
INT8,1779097379450561610,11.491940444,40.922
INT8,1779097379588966771,11.630345605,36.88
INT8,1779097379682994892,11.724373726000001,37.805
INT8,1779097379759747419,11.801126253000001,31.103
INT8,1779097379883597274,11.924976108000001,62.857
INT8,1779097379942348532,11.983727366,36.086
INT8,1779097380083021050,12.124399884,44.744
INT8,1779097380151600691,12.192979525,31.333
INT8,1779097380254837126,12.296215960000001,47.2
INT8,1779097380362368586,12.40374742,34.25
INT8,1779097380473438824,12.514817658,44.856
INT8,1779097380531008302,12.572387136000001,35.761
INT8,1779097380673148275,12.714527109,43.406
INT8,1779097380777167681,12.818546515000001,39.412
INT8,1779097380835528866,12.8769077,36.067
INT8,1779097380999540183,13.040919017,54.271
INT8,1779097381080466826,13.12184566,44.051
INT8,1779097381182590277,13.223969111,40.782
INT8,1779097381261236146,13.302614980000001,42.807
INT8,1779097381336061881,13.377440715,32.582
INT8,1779097381445105254,13.486484088000001,34.725
INT8,1779097381544493443,13.585872277,34.074
INT8,1779097381664091234,13.705470068,36.126
INT8,1779097381733321913,13.774700747,36.558
INT8,1779097381874023676,13.915402510000002,44.285
INT8,1779097381942062753,13.983441587000002,31.56
INT8,1779097382067843656,14.10922249,35.326
INT8,1779097382161298589,14.202677423,37.911
INT8,1779097382281233844,14.322612678,43.413
INT8,1779097382331117926,14.37249676,35.599
INT8,1779097382463895540,14.505274374,58.205
INT8,1779097382541348591,14.582727425000002,32.147
INT8,1779097382647449296,14.688828130000001,36.326
INT8,1779097382743249806,14.784628640000001,40.045
INT8,1779097382859039782,14.900418616000001,39.533
INT8,1779097382970256336,15.011635170000002,38.274
INT8,1779097383070619928,15.111998762,35.704
INT8,1779097383134663216,15.176042050000001,33.838
INT8,1779097383258870945,15.300249779000001,36.571
INT8,1779097383352216939,15.393595773000001,50.602
INT8,1779097383461882567,15.503261401000001,34.496
INT8,1779097383538762374,15.580141208,45.723
INT8,1779097383630424956,15.67180379,32.35
INT8,1779097383736332942,15.777711776,32.152
INT8,1779097383865225299,15.906604133000002,53.962
INT8,1779097383929071082,15.970449916000002,32.647
INT8,1779097384069842326,16.11122116,47.368
INT8,1779097384140579407,16.181958241,33.334
INT8,1779097384257916757,16.299295591,33.194
INT8,1779097384350221871,16.391600705000002,35.126
INT8,1779097384437688145,16.479066979000002,34.817
INT8,1779097384563955786,16.60533462,39.149
INT8,1779097384668181462,16.709560296,39.121
INT8,1779097384742308734,16.783687568,42.999
INT8,1779097384866400202,16.907779036,48.802
INT8,1779097384964623545,17.006002379,33.048
INT8,1779097385051723909,17.093102743,33.558
INT8,1779097385191963739,17.233342573,66.916
INT8,1779097385252591699,17.293970533,37.247
INT8,1779097385344775195,17.386154029,38.303
INT8,1779097385456957265,17.498336099,35.752
INT8,1779097385536437160,17.577815994,42.094
INT8,1779097385665569597,17.706948431,43.64
INT8,1779097385723237192,17.764616026000002,34.131
INT8,1779097385807270542,17.848649376,33.344
INT8,1779097385919602429,17.960981263,35.417
INT8,1779097386031072781,18.072451615000002,32.689
INT8,1779097386116830762,18.158209596000003,35.959
INT8,1779097386215862644,18.257241478,36.391
INT8,1779097386325664812,18.367043646000003,33.399
INT8,1779097386418600781,18.459979615,34.184
INT8,1779097386526431092,18.567809926000002,35.191
INT8,1779097386623637500,18.665016334,34.721
INT8,1779097386746178030,18.787556864000003,33.167
INT8,1779097386826237118,18.867615952,33.006
INT8,1779097386932023173,18.973402007,33.122
INT8,1779097387035413616,19.076792450000003,42.731
INT8,1779097387140450423,19.181829257,33.716
INT8,1779097387258200740,19.299579574000003,54.251
INT8,1779097387374842360,19.416221194000002,38.96
INT8,1779097387425104743,19.466483577,33.742
INT8,1779097387534100742,19.575479576000003,33.777
INT8,1779097387642246855,19.683625689000003,30.437
INT8,1779097387733634511,19.775013345,34.216
INT8,1779097387825899986,19.867278820000003,33.259
INT8,1779097387921539168,19.962918002000002,32.303
INT8,1779097388055477024,20.096855858,37.395
INT8,1779097388143905487,20.185284321,37.443
INT8,1779097388221120001,20.262498835000002,32.464
INT8,1779097388330135035,20.371513869,31.805
INT8,1779097388459619506,20.500998340000002,43.559
INT8,1779097388516655298,20.558034132,34.922
INT8,1779097388634844479,20.676223313,31.216
INT8,1779097388770158784,20.811537618000003,40.463
INT8,1779097388871566508,20.912945342,40.346
INT8,1779097388923004680,20.964383514,37.053
INT8,1779097389056082293,21.097461127000003,39.1
INT8,1779097389144671289,21.186050123,37.196
INT8,1779097389221483556,21.262862390000002,34.83
INT8,1779097389320802674,21.362181508000003,36.936
INT8,1779097389447721025,21.489099859000003,39.006
INT8,1779097389524830532,21.566209366000002,35.321
INT8,1779097389617953791,21.659332625,34.708
INT8,1779097389736336743,21.777715577000002,40.641
INT8,1779097389816268308,21.857647142,33.645
INT8,1779097389915848919,21.957227753,35.073
INT8,1779097390026259291,22.067638125000002,34.385
INT8,1779097390124430886,22.165809720000002,36.566
INT8,1779097390216626619,22.258005453000003,32.985
INT8,1779097390358725043,22.400103877000003,45.733
INT8,1779097390420694293,22.462073127,35.402
INT8,1779097390536841876,22.57822071,38.475
INT8,1779097390660516485,22.701895319000002,41.79
INT8,1779097390757744629,22.799123463,40.541
INT8,1779097390820017145,22.861395979,34.337
INT8,1779097390922702320,22.964081154000002,32.46
INT8,1779097391031810875,23.073189709,34.653
INT8,1779097391136144233,23.177523067000003,33.572
INT8,1779097391225336442,23.266715276000003,34.674
INT8,1779097391341049011,23.382427845000002,34.485
INT8,1779097391421755410,23.463134244000003,33.45
INT8,1779097391535932601,23.577311435000002,33.069
INT8,1779097391633203686,23.67458252,33.267
INT8,1779097391738162525,23.779541359000003,34.281
INT8,1779097391860076786,23.90145562,34.428
INT8,1779097391938102344,23.979481178,35.22
INT8,1779097392018400380,24.059779214000002,36.245
INT8,1779097392148860380,24.190239214,35.324
INT8,1779097392235485097,24.276863931,34.955
INT8,1779097392347869656,24.38924849,32.997
INT8,1779097392447920589,24.489299423000002,38.367
INT8,1779097392528070370,24.569449204,34.4
INT8,1779097392634096340,24.675475174000002,33.258
INT8,1779097392751304038,24.792682872,36.31
INT8,1779097392818651416,24.86003025,33.118
INT8,1779097392933840271,24.975219105,31.112
INT8,1779097393022105789,25.063484623,34.989
INT8,1779097393145289588,25.186668422,37.503
INT8,1779097393237309455,25.278688289,32.933
INT8,1779097393331960543,25.373339377,32.834
INT8,1779097393427007800,25.468386634,33.198
INT8,1779097393521341548,25.562720382000002,36.444
INT8,1779097393636959698,25.678338532,34.276
INT8,1779097393727105230,25.768484064000003,32.516
INT8,1779097393815593970,25.856972804,33.281
INT8,1779097393928052648,25.969431482,33.732
INT8,1779097394032890085,26.074268919,31.968
INT8,1779097394123922282,26.165301116000002,32.139
INT8,1779097394217296062,26.258674896000002,36.634
INT8,1779097394318257434,26.359636268000003,34.953
INT8,1779097394440459286,26.481838120000003,33.066
INT8,1779097394542985355,26.584364189000002,40.491
INT8,1779097394636252803,26.677631637,31.782
INT8,1779097394736284155,26.777662989000003,33.199
INT8,1779097394823308995,26.864687829,32.741
INT8,1779097394917576803,26.958955637000003,32.476
INT8,1779097395008673630,27.050052464,32.832
INT8,1779097395108784707,27.150163541,31.398
INT8,1779097395231529180,27.272908014000002,32.352
INT8,1779097395324012626,27.36539146,35.344
INT8,1779097395412911018,27.454289852000002,32.447
INT8,1779097395527897673,27.569276507,31.658
INT8,1779097395663400917,27.704779751,33.211
INT8,1779097395754211275,27.795590109000003,39.83
INT8,1779097395822255328,27.863634162,34.296
INT8,1779097395922434244,27.963813078,37.165
INT8,1779097396014861403,28.056240237,31.511
INT8,1779097396134329032,28.175707866000003,35.357
INT8,1779097396232356791,28.273735625,32.096
INT8,1779097396340094291,28.381473125000003,32.099
INT8,1779097396445836103,28.487214937,35.654
INT8,1779097396514958591,28.556337425000002,33.344
INT8,1779097396658292535,28.699671369,46.911
INT8,1779097396729843164,28.771221998,33.064
INT8,1779097396820750826,28.86212966,32.823
INT8,1779097396953043508,28.994422342000004,41.425
INT8,1779097397024740103,29.066118937000002,34.929
INT8,1779097397118049723,29.159428557000002,34.064
INT8,1779097397224489614,29.265868448000003,34.665
INT8,1779097397322698073,29.364076907,33.805
INT8,1779097397430545338,29.471924172,33.797
INT8,1779097397532276310,29.573655144000004,33.013
INT8,1779097397615395548,29.656774382000002,37.391
INT8,1779097397728290021,29.769668855000003,32.28
INT8,1779097397833851147,29.875229981,33.516
INT8,1779097397917864587,29.959243421000004,34.659
INT8,1779097398010103204,30.051482038000003,34.132
INT8,1779097398122781773,30.164160607000003,33.551
INT8,1779097398243158939,30.284537773,39.622
INT8,1779097398343469552,30.384848386,39.707
INT8,1779097398416598343,30.457977177000004,33.652
INT8,1779097398506463289,30.547842123000002,31.826
INT8,1779097398616125101,30.657503935,32.61
INT8,1779097398728448426,30.769827260000003,31.45
INT8,1779097398846994315,30.888373149000003,36.2
INT8,1779097398934142703,30.975521537000002,31.028
INT8,1779097399055490954,31.096869788000003,41.46
INT8,1779097399140402818,31.181781652,34.708
INT8,1779097399234689162,31.276067996000002,34.452
INT8,1779097399345621034,31.386999868,37.901
INT8,1779097399425121634,31.466500468000003,35.237
INT8,1779097399523151841,31.564530675,36.764
INT8,1779097399650077503,31.691456337,42.932
INT8,1779097399713331547,31.754710381000002,33.977
INT8,1779097399817901104,31.859279938,36.918
INT8,1779097399918505334,31.959884168000002,36.228
INT8,1779097400014811545,32.056190379,35.354
INT8,1779097400126758720,32.168137554000005,34.504
INT8,1779097400218792377,32.260171211,36.136
INT8,1779097400331340700,32.372719534000005,32.02
INT8,1779097400412689715,32.454068549,34.725
INT8,1779097400537680732,32.579059566000005,34.254
INT8,1779097400620505176,32.66188401,33.034
INT8,1779097400723214333,32.764593167,35.087
INT8,1779097400844379172,32.885758006,36.988
INT8,1779097400922009085,32.963387919,33.409
INT8,1779097401025594139,33.066972973,32.811
INT8,1779097401137125560,33.178504394,34.032
INT8,1779097401222393973,33.263772807,33.193
INT8,1779097401338794165,33.380172999,32.22
INT8,1779097401419552487,33.460931321000004,34.243
INT8,1779097401519183539,33.560562373,35.205
INT8,1779097401636289249,33.677668083,32.957
INT8,1779097401753640781,33.795019615,43.843
INT8,1779097401833476115,33.874854949,34.876
INT8,1779097401933495565,33.974874399,33.539
INT8,1779097402013666078,34.055044912,32.477
INT8,1779097402169177256,34.210556090000004,43.711
INT8,1779097402234937176,34.27631601,33.828
INT8,1779097402331470987,34.372849821,32.178
INT8,1779097402419906141,34.461284975000005,34.382
INT8,1779097402525851592,34.567230426,33.23
INT8,1779097402620793844,34.662172678000005,33.387
INT8,1779097402720731630,34.762110464,34.977
INT8,1779097402820234580,34.861613414000004,34.052
INT8,1779097402931379480,34.972758314000004,34.519
INT8,1779097403045396216,35.08677505,38.368
INT8,1779097403121063557,35.162442391,33.416
INT8,1779097403213473401,35.254852235,33.975
INT8,1779097403312649117,35.354027951,32.213
INT8,1779097403414721663,35.456100497,32.672
INT8,1779097403524737181,35.566116015000006,35.333
INT8,1779097403609879130,35.651257964,33.263
INT8,1779097403714529358,35.755908192,33.856
INT8,1779097403826979451,35.868358285,33.847
INT8,1779097403920822302,35.962201136000004,31.974
INT8,1779097404037663583,36.079042417000004,34.35
INT8,1779097404148340575,36.189719409000006,34.674
INT8,1779097404245035555,36.286414389,34.048
INT8,1779097404329762642,36.371141476000005,33.395
INT8,1779097404418999381,36.460378215000006,34.866
INT8,1779097404517121462,36.558500296000005,33.182
INT8,1779097404617790360,36.659169194,32.428
INT8,1779097404725134810,36.766513644,32.643
INT8,1779097404860571373,36.901950207000006,35.168
INT8,1779097404928815116,36.97019395,35.711
INT8,1779097405049150918,37.090529752,36.938
INT8,1779097405128864026,37.17024286,38.628
INT8,1779097405229663010,37.271041844,32.849
INT8,1779097405312434861,37.353813695,32.757
INT8,1779097405455898240,37.497277074,35.61
INT8,1779097405517369027,37.558747861,32.818
INT8,1779097405625938143,37.667316977000006,33.59
INT8,1779097405714962620,37.756341454,32.882
INT8,1779097405819063307,37.860442141,34.215
INT8,1779097405920548934,37.961927768,31.247
INT8,1779097406023000944,38.064379778,32.615
INT8,1779097406117545109,38.158923943000005,34.713
INT8,1779097406212362115,38.253740949000004,34.959
INT8,1779097406343027174,38.384406008,37.053
INT8,1779097406427212683,38.468591517,35.842
INT8,1779097406555182171,38.596561005000005,41.961
INT8,1779097406631079224,38.672458058000004,32.046
INT8,1779097406736515900,38.777894734,32.061
INT8,1779097406827834331,38.869213165000005,33.967
INT8,1779097406915276596,38.956655430000005,35.296
INT8,1779097407028754871,39.070133705,33.351
INT8,1779097407127284942,39.168663776,33.439
INT8,1779097407213539289,39.254918123,33.969
INT8,1779097407326601297,39.367980131,34.079
INT8,1779097407450539756,39.491918590000004,38.554
INT8,1779097407530912002,39.572290836,31.801
INT8,1779097407679154711,39.720533545,44.197
INT8,1779097407726395814,39.767774648,32.912
INT8,1779097407822989442,39.864368276,34.386
INT8,1779097407944308334,39.985687168000005,34.042
INT8,1779097408024536457,40.065915291,33.627
INT8,1779097408118673334,40.160052168,34.263
INT8,1779097408232220961,40.273599795,33.655
INT8,1779097408324080338,40.365459172,33.655
INT8,1779097408437651201,40.479030035,33.632
INT8,1779097408555081218,40.596460052000005,36.17
INT8,1779097408648718577,40.690097411,35.416
INT8,1779097408730227438,40.771606272,33.919
INT8,1779097408856627179,40.898006013,41.19
INT8,1779097408945506191,40.986885025,34.448
INT8,1779097409033453248,41.074832082,32.57
INT8,1779097409129370553,41.170749387,37.016
INT8,1779097409220540811,41.261919645000006,32.125
INT8,1779097409314889262,41.356268096,33.616
INT8,1779097409438729686,41.48010852,32.234
INT8,1779097409534387398,41.575766232,34.94
INT8,1779097409624802165,41.666180999000005,36.777
INT8,1779097409742103545,41.783482379000006,34.778
INT8,1779097409818187352,41.859566186,32.775
INT8,1779097409920954578,41.962333412,34.617
INT8,1779097410068043395,42.109422229,54.125
INT8,1779097410125119685,42.166498519,41.292
INT8,1779097410226259958,42.267638792,34.228
INT8,1779097410349167050,42.390545884000005,34.429
INT8,1779097410433027440,42.474406274,32.743
INT8,1779097410519190220,42.560569054000005,36.228
INT8,1779097410623653965,42.665032799,32.974
INT8,1779097410750275989,42.791654823,33.143
INT8,1779097410851671925,42.893050759000005,36.973
INT8,1779097410920148173,42.961527007,31.453
INT8,1779097411048888481,43.090267315000006,32.946
INT8,1779097411131547305,43.172926139000005,34.73
INT8,1779097411233178744,43.274557578,32.083
INT8,1779097411313473281,43.354852115,33.41
INT8,1779097411431569853,43.472948687000006,44.732
INT8,1779097411531160343,43.572539177,34.438
INT8,1779097411626248909,43.667627743000004,33.418
INT8,1779097411721318978,43.762697812000006,34.595
INT8,1779097411862654369,43.904033203000004,43.561
INT8,1779097411929148705,43.970527539,32.88
INT8,1779097412044283966,44.0856628,35.881
INT8,1779097412132131187,44.173510021000006,35.555
INT8,1779097412228610460,44.269989294000005,32.221
INT8,1779097412330149523,44.371528357,36.315
INT8,1779097412416124897,44.457503731,34.053
INT8,1779097412517020763,44.558399597000005,31.592
INT8,1779097412618906520,44.660285354,36.775
INT8,1779097412710815216,44.75219405,33.227
INT8,1779097412839096830,44.880475664,34.239
INT8,1779097412920250034,44.961628868000005,33.709
INT8,1779097413015357108,45.056735942,32.773
INT8,1779097413129264775,45.170643609,33.77
INT8,1779097413249342463,45.290721297000005,38.786
INT8,1779097413354058278,45.395437112,38.539
INT8,1779097413424640971,45.466019805,35.104
INT8,1779097413519499477,45.560878311,33.474
INT8,1779097413651907794,45.693286628,45.526
INT8,1779097413722740058,45.764118892000006,33.257
INT8,1779097413826968148,45.868346982000006,37.422
INT8,1779097413926556675,45.967935509,37.52
INT8,1779097414025200418,46.066579252000004,36.07
INT8,1779097414123763845,46.165142679000006,37.69
INT8,1779097414225866005,46.267244839,35.906
INT8,1779097414323344632,46.364723466,37.287
INT8,1779097414419081280,46.460460114,35.667
INT8,1779097414542973257,46.584352091,45.287
INT8,1779097414626356403,46.667735237,33.45
INT8,1779097414727464080,46.768842914000004,34.616
INT8,1779097414836390305,46.877769139,35.167
INT8,1779097414928390833,46.969769667,37.145
INT8,1779097415045383058,47.086761892000006,38.418
INT8,1779097415128145952,47.169524786000004,35.435
INT8,1779097415231342404,47.272721238,31.979
INT8,1779097415333998285,47.375377119,37.248
INT8,1779097415427598571,47.468977405000004,39.0
INT8,1779097415517577376,47.558956210000005,34.846
INT8,1779097415612451731,47.653830565,31.412
INT8,1779097415728798440,47.770177274000005,32.279
INT8,1779097415821723208,47.863102042,35.339
INT8,1779097415958152481,47.999531315000006,40.199
INT8,1779097416054896604,48.096275438000006,35.809
INT8,1779097416126886247,48.168265081,33.065
INT8,1779097416262460283,48.303839117,60.238
INT8,1779097416370279405,48.411658239000005,43.597
INT8,1779097416441420055,48.482798889,35.783
INT8,1779097416520727564,48.562106398000005,36.078
INT8,1779097416615593932,48.656972766,30.73
INT8,1779097416724925133,48.766303967000006,35.328
INT8,1779097416815918781,48.857297615,33.729
INT8,1779097416933519920,48.974898754,41.731
INT8,1779097417085271262,49.126650096000006,46.333
INT8,1779097417158198812,49.199577646,37.607
INT8,1779097417236106584,49.277485418000005,31.918
INT8,1779097417322787299,49.364166133000005,33.659
INT8,1779097417422041599,49.463420433,35.392
INT8,1779097417516667378,49.558046212,32.696
INT8,1779097417620093044,49.661471878,35.092
INT8,1779097417745726127,49.787104961000004,35.441
INT8,1779097417841059945,49.882438779000005,36.485
INT8,1779097417928098885,49.969477719000004,34.999
INT8,1779097418032465807,50.073844641,32.507
INT8,1779097418125147772,50.166526606000005,34.815
INT8,1779097418215249540,50.256628374,33.004
INT8,1779097418323993953,50.365372787000005,34.844
INT8,1779097418454235948,50.495614782000004,43.212
INT8,1779097418535912390,50.577291224,46.174
INT8,1779097418627883060,50.669261894,34.012
INT8,1779097418720065431,50.761444265,32.781
INT8,1779097418824423725,50.865802559,33.8
INT8,1779097418936444038,50.977822872000004,33.526
INT8,1779097419044752186,51.08613102,39.887
INT8,1779097419137085833,51.178464667,33.27
INT8,1779097419240033041,51.281411875,33.28
INT8,1779097419327429405,51.368808239,33.254
INT8,1779097419426965242,51.468344076,35.009
INT8,1779097419519752416,51.56113125,37.851
INT8,1779097419616661507,51.658040341,32.685
INT8,1779097419725306932,51.766685766,35.468
INT8,1779097419826454385,51.867833219000005,36.44
INT8,1779097419926437695,51.967816529000004,33.799
INT8,1779097420021554908,52.062933742000006,32.135
INT8,1779097420135360300,52.176739134,34.358
INT8,1779097420216759609,52.258138443,33.532
INT8,1779097420354449014,52.395827848,47.78
INT8,1779097420427264774,52.468643608,35.457
INT8,1779097420529062874,52.570441708000004,32.607
INT8,1779097420644096466,52.6854753,33.539
INT8,1779097420730083745,52.771462579,34.158
INT8,1779097420825586613,52.866965447000005,35.283
INT8,1779097420936756289,52.978135123,33.586
INT8,1779097421019760514,53.061139348000005,36.49
INT8,1779097421135166613,53.176545447,34.063
INT8,1779097421219163026,53.260541860000004,36.962
INT8,1779097421342207970,53.383586804000004,35.81
INT8,1779097421419868178,53.461247012,33.743
INT8,1779097421526154779,53.567533613,33.191
INT8,1779097421641380101,53.682758935,34.577
INT8,1779097421718317331,53.759696165,31.625
INT8,1779097421836203168,53.877582002000004,32.332
INT8,1779097421958443516,53.99982235,44.758
INT8,1779097422044125318,54.085504152000006,34.158
INT8,1779097422168223632,54.20960246600001,42.175
INT8,1779097422241530178,54.282909012000005,34.773
INT8,1779097422337400410,54.378779244,34.108
INT8,1779097422435582925,54.476961759000005,33.038
INT8,1779097422531379883,54.572758717000006,31.853
INT8,1779097422607744096,54.649122930000004,32.215
INT8,1779097422728406928,54.769785762000005,36.442
INT8,1779097422849896041,54.891274875,42.873
INT8,1779097422918611566,54.9599904,34.9
INT8,1779097423025060098,55.066438932000004,33.519
INT8,1779097423135695918,55.177074752,33.066
INT8,1779097423232615607,55.273994441000006,32.461
INT8,1779097423320225661,55.361604495,31.354
INT8,1779097423414130517,55.455509351,31.05
INT8,1779097423517431661,55.558810495,34.512
INT8,1779097423640478173,55.681857007000005,34.712
INT8,1779097423729336632,55.770715466000006,32.684
INT8,1779097423829737482,55.871116316000005,33.099
INT8,1779097423942959673,55.984338507000004,32.18
INT8,1779097424027671923,56.06905075700001,31.363
INT8,1779097424126047857,56.167426691,34.725
INT8,1779097424227829482,56.269208316000004,37.103
INT8,1779097424315269689,56.356648523000004,34.73
INT8,1779097424438691488,56.480070322,31.848
INT8,1779097424561895305,56.60327413900001,36.963
INT8,1779097424635822466,56.6772013,33.12
INT8,1779097424741514557,56.782893391,33.149
INT8,1779097424855622878,56.897001712000005,32.843
INT8,1779097424910413662,56.951792496,31.836
INT8,1779097425033089915,57.074468749000005,32.333
INT8,1779097425114958540,57.156337374,33.407
INT8,1779097425210805773,57.252184607000004,33.227
INT8,1779097425356641584,57.398020418,35.881
INT8,1779097425425468037,57.466846871,35.825
INT8,1779097425509216373,57.550595207,34.048
INT8,1779097425627938537,57.669317371000005,34.077
INT8,1779097425715715861,57.757094695000006,33.483
INT8,1779097425814808506,57.856187340000005,33.548
INT8,1779097425929629623,57.971008457,36.836
INT8,1779097426023579600,58.064958434000005,33.795
INT8,1779097426128383884,58.169762718,36.027
INT8,1779097426226644511,58.268023345,34.349
INT8,1779097426328649169,58.370028003,32.974
INT8,1779097426437509369,58.478888203000004,30.876
INT8,1779097426525857060,58.56723589400001,32.585
INT8,1779097426655307335,58.696686169,36.149
INT8,1779097426725429020,58.76680785400001,33.034
INT8,1779097426814468418,58.855847252000004,30.928
INT8,1779097426920791114,58.962169948,35.178
INT8,1779097427031735277,59.073114111,35.209
INT8,1779097427118983391,59.16036222500001,31.923
INT8,1779097427211782845,59.253161679,32.346
